ordering,pos1,pos2,pos3,pos4,pos5,pos6,pos7,pos8,pos9,pos10,pos11,pos12,pos13,pos14,pos15,pos16,pos17,pos18,pos19,pos20,pos21,pos22,pos23,pos24,pos25,pos26,pos27,pos28,pos29,pos30,pos31,pos32,pos33,pos34,pos35,pos36,pos37,pos38,pos39,pos40,pos41,pos42,pos43,pos44,pos45,pos46,pos47,pos48,pos49,pos50,pos51,pos52,pos53,pos54,pos55,pos56,pos57,pos58,pos59,pos60,pos61,pos62,pos63,pos64,pos65,pos66,pos67,pos68,pos69,pos70,pos71,pos72,pos73,pos74,pos75,pos76,pos77,pos78,pos79,pos80
0,VLDLR,TMED10,AP2A1,AP1G1,COPA,COPB2,IDE,RTN4,BACE1,SAR1A,TMED2,SEC24C,BIN1,SNX6,APBA1,AP4S1,ADAM10,TMED9,CLU,HSPA9,RTN3,HSPA5,MIA3,OSBP,RAB1A,COPG2,NCSTN,SEC31A,SAR1B,AP2B1,APP,COPE,LRP1,SEC13,PICALM,VPS35,MFN2,COPB1,PSEN1,ITPR2,EIF2S1,ABCA7,VDAC1,VPS29,COPZ1,GGA3,AP4B1,SORT1,AP3B2,ADAM17,VPS26A,PREB,MAPKAPK2,SORL1,PLG,ARF6,SEC23A,AP4M1,SEC24A,SREBF2,MAP2K3,GGA2,SEC24D,COPG1,ITPR1,SEC16A,GORASP1,AP4E1,SYK,MAPK14,SEC24B,SNX4,GGA1,SIGMAR1,SEC23B,APOE,ECE1,RAB1B,APBA2,PLCG2
1,AP2A1,AP2B1,COPB2,SEC24C,COPA,VPS35,AP1G1,SEC13,PLG,SORL1,COPE,SEC23A,ITPR2,VPS29,VDAC1,ADAM10,APBA1,SNX6,SORT1,NCSTN,SAR1A,ARF6,AP4B1,TMED9,RTN3,ITPR1,PSEN1,COPZ1,SREBF2,HSPA5,RTN4,GGA2,SEC24A,HSPA9,GGA3,TMED10,MIA3,ABCA7,SEC23B,SEC31A,AP4S1,MAPKAPK2,IDE,ADAM17,MFN2,VPS26A,OSBP,TMED2,EIF2S1,AP3B2,BIN1,COPG1,MAP2K3,PICALM,LRP1,APOE,BACE1,ECE1,VLDLR,MAPK14,RAB1A,APP,RAB1B,GORASP1,AP4E1,SYK,COPB1,GGA1,SEC16A,CLU,PREB,PLCG2,SNX4,SIGMAR1,SAR1B,SEC24B,COPG2,SEC24D,APBA2,AP4M1
2,AP2B1,APBA1,COPB2,TMED9,CLU,ITPR2,SORT1,ABCA7,BIN1,OSBP,COPZ1,HSPA5,ADAM10,NCSTN,SAR1A,TMED2,PREB,COPE,AP4B1,RAB1B,SEC24D,COPB1,HSPA9,SYK,SEC24C,GGA2,SEC23B,GGA3,LRP1,SEC13,MIA3,SEC31A,SEC23A,MAP2K3,VPS29,SNX4,AP2A1,AP4E1,PLG,SEC24A,COPA,SNX6,RTN4,RAB1A,SORL1,PICALM,SAR1B,AP4S1,PSEN1,TMED10,VPS26A,MAPK14,VPS35,SEC16A,SREBF2,AP1G1,VDAC1,ADAM17,VLDLR,EIF2S1,ECE1,MAPKAPK2,APP,MFN2,RTN3,AP4M1,SEC24B,COPG2,ITPR1,BACE1,AP3B2,IDE,GORASP1,APBA2,PLCG2,ARF6,APOE,COPG1,SIGMAR1,GGA1
3,OSBP,RTN4,AP4E1,GORASP1,APOE,VPS29,BIN1,AP1G1,SORL1,APBA1,RTN3,ADAM10,MAPK14,SNX6,MFN2,RAB1A,COPG1,SORT1,AP2B1,AP2A1,VDAC1,GGA3,COPZ1,ITPR2,COPE,PLG,HSPA9,HSPA5,SEC23A,PREB,PICALM,SEC13,VPS26A,LRP1,SYK,SEC24C,BACE1,TMED9,COPB1,IDE,PSEN1,SEC24A,SAR1A,VPS35,TMED2,RAB1B,MAPKAPK2,ITPR1,ABCA7,APP,COPB2,ADAM17,AP3B2,SEC16A,ARF6,AP4B1,VLDLR,TMED10,CLU,MAP2K3,EIF2S1,SEC23B,SNX4,ECE1,SEC31A,COPG2,MIA3,COPA,SREBF2,APBA2,AP4M1,SIGMAR1,AP4S1,NCSTN,PLCG2,GGA2,GGA1,SEC24B,SAR1B,SEC24D
4,SEC24C,COPZ1,AP4B1,GGA3,ITPR1,TMED10,TMED9,PICALM,VDAC1,RAB1A,AP2B1,PREB,VPS35,ABCA7,AP1G1,SEC31A,COPB1,BIN1,PLG,SEC23A,MFN2,VPS26A,COPE,RTN4,HSPA5,MAPKAPK2,SNX4,RTN3,SAR1B,IDE,AP4E1,ADAM10,NCSTN,SAR1A,SEC24A,LRP1,COPG1,ADAM17,SORL1,SNX6,SEC23B,SORT1,BACE1,COPA,AP2A1,VPS29,COPB2,EIF2S1,HSPA9,AP4S1,MIA3,APBA1,TMED2,GGA2,APOE,MAPK14,SREBF2,SEC16A,ARF6,ITPR2,SEC24D,RAB1B,AP3B2,VLDLR,PSEN1,APBA2,APP,COPG2,CLU,SYK,OSBP,SEC13,MAP2K3,PLCG2,SEC24B,AP4M1,GGA1,SIGMAR1,ECE1,GORASP1
5,ADAM10,LRP1,SEC13,COPB1,TMED2,CLU,BIN1,SEC23A,AP2A1,RAB1A,MFN2,GGA3,COPG1,AP2B1,PREB,SAR1B,NCSTN,AP1G1,SORT1,OSBP,VPS29,PSEN1,VDAC1,SNX6,AP4E1,AP4B1,TMED9,ARF6,HSPA5,APBA1,SORL1,PLG,SEC24A,ABCA7,APOE,EIF2S1,IDE,VPS26A,ADAM17,SEC24C,VPS35,ITPR2,RTN4,AP4S1,MAPK14,RTN3,BACE1,HSPA9,PICALM,AP3B2,SREBF2,GGA2,AP4M1,RAB1B,SEC31A,COPB2,MIA3,SAR1A,SEC16A,VLDLR,SNX4,MAP2K3,ITPR1,ECE1,TMED10,SYK,SEC24D,COPZ1,COPA,APBA2,PLCG2,APP,SEC24B,COPE,COPG2,SEC23B,MAPKAPK2,GORASP1,SIGMAR1,GGA1
6,EIF2S1,VPS35,AP2B1,COPB1,PREB,CLU,TMED9,IDE,MFN2,TMED10,SEC23B,APBA1,RAB1A,AP2A1,ADAM10,VPS29,COPZ1,NCSTN,RAB1B,TMED2,SAR1A,RTN4,AP4S1,SEC13,ITPR2,AP4E1,SORL1,SNX4,AP4B1,SEC24A,SAR1B,SNX6,GGA3,PSEN1,COPB2,ABCA7,VLDLR,COPE,AP4M1,HSPA9,SEC31A,LRP1,MAP2K3,VDAC1,SEC24C,MIA3,RTN3,GORASP1,BACE1,BIN1,SORT1,ARF6,ITPR1,VPS26A,ECE1,APBA2,COPG1,AP3B2,APP,MAPKAPK2,APOE,OSBP,COPA,SREBF2,PLG,AP1G1,MAPK14,COPG2,SEC23A,PICALM,GGA2,SEC16A,SEC24D,SYK,ADAM17,HSPA5,SIGMAR1,SEC24B,GGA1,PLCG2
7,OSBP,AP2B1,VPS26A,SEC23A,SNX4,COPE,EIF2S1,VLDLR,TMED10,SAR1B,HSPA9,SEC24C,MFN2,ITPR2,AP3B2,VPS29,VDAC1,IDE,TMED2,NCSTN,BIN1,SREBF2,AP1G1,TMED9,GGA2,LRP1,SEC24D,AP4S1,COPZ1,ITPR1,PLG,SEC24A,APBA1,ADAM10,ABCA7,SAR1A,COPG1,AP2A1,MAPKAPK2,COPB2,SNX6,APOE,HSPA5,RAB1A,CLU,PREB,RTN3,RTN4,VPS35,AP4E1,SEC31A,SEC23B,SORT1,SORL1,GGA3,COPB1,RAB1B,SYK,PICALM,COPA,ADAM17,MAPK14,ARF6,PSEN1,SEC13,AP4B1,COPG2,ECE1,APP,SEC16A,MAP2K3,GORASP1,APBA2,AP4M1,BACE1,SEC24B,PLCG2,MIA3,SIGMAR1,GGA1
8,COPE,SNX4,HSPA9,IDE,TMED10,SNX6,ADAM10,AP2A1,COPA,AP4B1,SEC13,SAR1A,COPB2,COPG2,TMED2,RTN3,RAB1A,AP3B2,SAR1B,BIN1,SEC23A,GGA3,COPG1,OSBP,MFN2,EIF2S1,SORT1,VPS29,VDAC1,SYK,SEC31A,COPZ1,VPS26A,APBA1,PREB,TMED9,MIA3,AP4S1,AP4E1,RTN4,COPB1,PLG,VPS35,PICALM,MAPK14,LRP1,AP2B1,CLU,VLDLR,HSPA5,BACE1,SEC23B,ITPR2,PSEN1,ITPR1,ABCA7,SEC24C,MAP2K3,NCSTN,SREBF2,SEC24A,GGA2,ADAM17,RAB1B,MAPKAPK2,SEC24D,SORL1,AP4M1,APOE,SEC16A,APBA2,ECE1,AP1G1,GORASP1,GGA1,ARF6,SEC24B,PLCG2,APP,SIGMAR1
9,VPS26A,TMED10,AP1G1,AP2A1,BIN1,APBA1,EIF2S1,SEC13,ADAM10,COPZ1,ITPR1,NCSTN,AP4B1,GGA3,COPE,COPA,VPS35,SORL1,TMED2,SEC24C,SEC31A,TMED9,SEC24A,SNX4,RTN3,HSPA5,ARF6,AP2B1,MIA3,MFN2,VPS29,VLDLR,MAPKAPK2,SORT1,COPB2,SEC23A,SEC24D,IDE,ADAM17,VDAC1,RAB1B,SNX6,SEC23B,RTN4,AP4E1,SAR1B,BACE1,SEC16A,SYK,SAR1A,LRP1,COPG2,PLG,ITPR2,PREB,APOE,GGA2,ABCA7,OSBP,COPB1,HSPA9,COPG1,ECE1,PICALM,AP4S1,MAPK14,RAB1A,MAP2K3,SREBF2,APBA2,AP3B2,GORASP1,APP,PSEN1,CLU,PLCG2,SEC24B,GGA1,AP4M1,SIGMAR1
10,BACE1,MFN2,AP2B1,AP1G1,APBA1,MIA3,SEC24C,SEC23A,NCSTN,HSPA9,COPZ1,SNX4,SNX6,VDAC1,RTN4,BIN1,TMED9,AP4E1,TMED2,MAPK14,ADAM10,MAPKAPK2,SEC31A,SEC24A,TMED10,AP4M1,VPS26A,VPS35,COPB1,IDE,SEC13,APP,COPG1,SORT1,VPS29,HSPA5,SYK,SEC16A,ABCA7,LRP1,GGA3,COPE,SAR1B,PICALM,COPA,OSBP,PSEN1,COPG2,SAR1A,AP4B1,SREBF2,AP2A1,GGA2,GORASP1,PREB,COPB2,APOE,VLDLR,SORL1,RTN3,ITPR2,ARF6,ITPR1,EIF2S1,ADAM17,SEC23B,RAB1B,AP3B2,AP4S1,SEC24D,ECE1,GGA1,MAP2K3,APBA2,RAB1A,PLG,SIGMAR1,PLCG2,SEC24B,CLU
11,SEC31A,TMED2,HSPA9,ADAM10,SNX6,AP2B1,COPB1,HSPA5,AP1G1,COPB2,MIA3,NCSTN,AP4S1,RTN4,SEC23A,BACE1,PLG,MFN2,SNX4,MAPKAPK2,ITPR1,ARF6,RTN3,GGA3,OSBP,BIN1,VPS26A,LRP1,SEC24C,RAB1B,VPS35,SORL1,MAP2K3,AP2A1,AP4E1,SAR1A,PREB,COPE,COPA,ITPR2,IDE,SORT1,SEC13,AP3B2,SEC24D,SYK,TMED9,VDAC1,MAPK14,CLU,SEC24A,COPZ1,COPG2,ABCA7,VLDLR,SREBF2,SEC16A,AP4M1,APBA1,SEC23B,GGA2,COPG1,VPS29,APP,RAB1A,PICALM,ADAM17,APBA2,TMED10,SIGMAR1,APOE,PSEN1,EIF2S1,PLCG2,SEC24B,ECE1,GORASP1,GGA1,SAR1B,AP4B1
12,SORT1,HSPA5,SAR1B,AP2B1,OSBP,SEC24C,NCSTN,SEC13,COPZ1,MIA3,VDAC1,COPE,MFN2,SEC23A,TMED9,TMED2,APBA1,RTN3,PREB,LRP1,CLU,EIF2S1,PLG,HSPA9,COPB1,AP2A1,SNX6,VPS26A,VPS35,SREBF2,ARF6,COPA,GGA2,VPS29,AP4E1,BIN1,VLDLR,APOE,MAPKAPK2,SEC31A,ITPR2,RAB1B,AP3B2,SAR1A,RTN4,COPB2,MAPK14,AP4M1,AP1G1,SEC24A,SEC24B,ADAM17,TMED10,PICALM,ABCA7,GGA3,BACE1,ADAM10,SEC24D,COPG2,AP4B1,GORASP1,ECE1,SNX4,PSEN1,MAP2K3,IDE,SEC23B,RAB1A,SEC16A,PLCG2,SORL1,APP,SYK,AP4S1,ITPR1,SIGMAR1,COPG1,APBA2,GGA1
13,MFN2,HSPA9,LRP1,TMED10,VDAC1,TMED2,AP2B1,AP1G1,AP4S1,VPS26A,SAR1A,PREB,VPS35,SEC24D,GGA2,SEC31A,IDE,SAR1B,ADAM10,COPB1,SEC13,RTN3,COPA,SEC23A,RTN4,COPZ1,ABCA7,AP4E1,SORT1,OSBP,MAPKAPK2,SNX4,PLG,VPS29,ITPR1,COPE,SEC24C,APOE,ADAM17,HSPA5,PSEN1,BACE1,TMED9,BIN1,COPB2,ARF6,APBA1,MIA3,RAB1A,MAPK14,VLDLR,AP3B2,SEC23B,MAP2K3,SORL1,PICALM,SEC24A,EIF2S1,SNX6,COPG1,SEC24B,NCSTN,GORASP1,AP4M1,ECE1,ITPR2,GGA1,GGA3,AP4B1,RAB1B,SIGMAR1,CLU,SYK,SREBF2,APBA2,AP2A1,SEC16A,APP,COPG2,PLCG2
14,APBA1,ITPR2,AP3B2,COPZ1,EIF2S1,SAR1A,SEC31A,COPB2,AP1G1,ADAM10,ABCA7,APOE,VPS35,AP4S1,SEC24C,SAR1B,NCSTN,RTN3,MIA3,PREB,MAPKAPK2,APP,SEC23B,VPS29,SEC13,ECE1,ARF6,PLG,MFN2,OSBP,SORT1,SNX4,CLU,BIN1,PICALM,HSPA5,RAB1A,RAB1B,LRP1,SORL1,COPB1,TMED9,SEC23A,VDAC1,TMED2,COPA,GGA3,AP4M1,AP4B1,SEC24B,AP2B1,VLDLR,AP2A1,AP4E1,COPG1,SYK,TMED10,HSPA9,BACE1,GORASP1,IDE,SEC24D,ITPR1,SEC16A,SNX6,COPE,SIGMAR1,ADAM17,PSEN1,SREBF2,RTN4,MAPK14,VPS26A,SEC24A,APBA2,PLCG2,GGA2,COPG2,MAP2K3,GGA1
15,SEC24C,COPB2,VPS29,ITPR1,TMED10,SEC31A,PICALM,COPZ1,IDE,PSEN1,AP1G1,VLDLR,ADAM17,COPA,SEC23B,SEC13,APBA1,SEC23A,SNX6,RTN4,BIN1,VDAC1,COPB1,RTN3,NCSTN,MAPKAPK2,ARF6,SAR1B,GGA3,APP,AP2A1,LRP1,SORT1,HSPA9,PLG,MIA3,ITPR2,MFN2,EIF2S1,VPS26A,TMED9,OSBP,CLU,TMED2,SAR1A,ABCA7,AP4S1,MAPK14,APOE,AP4B1,VPS35,COPE,AP2B1,AP4M1,AP4E1,AP3B2,ECE1,PREB,MAP2K3,SEC24A,RAB1A,RAB1B,SREBF2,SEC24B,GGA2,ADAM10,APBA2,HSPA5,COPG2,SNX4,GORASP1,SYK,SORL1,COPG1,SEC24D,SEC16A,GGA1,BACE1,SIGMAR1,PLCG2
16,SEC23B,APBA1,BIN1,COPG1,COPE,COPA,AP1G1,HSPA9,AP2B1,ITPR2,NCSTN,HSPA5,MIA3,MAPKAPK2,AP2A1,RTN3,COPB2,SEC24C,RAB1A,SEC13,ADAM10,SAR1B,OSBP,AP4B1,SORL1,SNX6,SAR1A,VDAC1,BACE1,AP4S1,SNX4,TMED2,VPS26A,TMED9,PSEN1,SEC24A,PLG,SEC31A,COPZ1,EIF2S1,VPS35,VLDLR,TMED10,SYK,VPS29,RTN4,RAB1B,GGA3,MFN2,IDE,GGA2,ECE1,ITPR1,SREBF2,PICALM,APP,ADAM17,CLU,SEC24D,COPB1,ABCA7,AP4E1,LRP1,MAP2K3,AP4M1,ARF6,GORASP1,SEC16A,MAPK14,AP3B2,PREB,SORT1,APOE,APBA2,SEC23A,SIGMAR1,COPG2,SEC24B,PLCG2,GGA1
17,VPS26A,VPS35,HSPA5,APOE,VDAC1,NCSTN,EIF2S1,VLDLR,HSPA9,SEC24C,TMED10,SEC23B,ARF6,AP4B1,ADAM10,COPG1,VPS29,BACE1,SORT1,COPB1,COPB2,BIN1,AP1G1,IDE,MFN2,PLG,SNX6,TMED2,AP2A1,APBA1,SAR1A,ITPR1,SEC23A,RTN3,SEC24A,AP4S1,AP4M1,SAR1B,RTN4,CLU,TMED9,AP2B1,SEC31A,COPZ1,PSEN1,ECE1,MAPK14,COPG2,SYK,COPA,RAB1B,GGA3,SEC13,GORASP1,SEC24D,AP4E1,MIA3,MAP2K3,MAPKAPK2,PREB,COPE,SNX4,ITPR2,AP3B2,ABCA7,OSBP,SORL1,SREBF2,GGA2,ADAM17,PLCG2,APP,LRP1,SIGMAR1,RAB1A,APBA2,PICALM,GGA1,SEC16A,SEC24B
18,ADAM17,ITPR2,IDE,ITPR1,SEC24C,VDAC1,HSPA5,AP4M1,SEC23A,SAR1A,COPB2,VPS35,BACE1,AP2B1,VPS26A,PLG,SEC23B,AP2A1,RAB1A,AP4E1,EIF2S1,APBA1,AP4S1,HSPA9,ABCA7,TMED2,COPG1,COPB1,MAPK14,SNX4,BIN1,SNX6,MFN2,MAP2K3,PREB,AP4B1,SEC24D,AP1G1,MAPKAPK2,NCSTN,SREBF2,APP,MIA3,SEC24A,RTN4,SORT1,SEC31A,LRP1,COPE,GGA2,CLU,ECE1,OSBP,ADAM10,TMED9,RAB1B,APOE,RTN3,SORL1,SAR1B,COPG2,PICALM,VLDLR,TMED10,PSEN1,GORASP1,APBA2,SYK,VPS29,GGA3,COPZ1,COPA,ARF6,SEC13,SEC16A,SEC24B,GGA1,PLCG2,AP3B2,SIGMAR1
19,SNX6,ADAM10,TMED10,COPE,TMED2,SAR1B,VDAC1,SEC24C,RTN4,RTN3,SEC31A,MFN2,AP2B1,AP2A1,COPA,COPG1,BACE1,AP1G1,COPB2,OSBP,MIA3,COPB1,VPS29,SEC13,GGA3,ARF6,APBA2,ITPR2,SEC16A,VPS26A,PSEN1,CLU,AP4M1,HSPA9,PLG,EIF2S1,SYK,ADAM17,ITPR1,TMED9,SORT1,AP4B1,LRP1,VLDLR,PREB,SREBF2,GGA2,ABCA7,SEC23B,VPS35,AP4E1,COPZ1,ECE1,MAPK14,IDE,RAB1B,SORL1,SAR1A,MAPKAPK2,RAB1A,APBA1,COPG2,NCSTN,APP,APOE,SEC24D,HSPA5,AP4S1,BIN1,PLCG2,MAP2K3,GGA1,SEC23A,SNX4,PICALM,AP3B2,SEC24A,SIGMAR1,GORASP1,SEC24B
20,COPE,RTN4,OSBP,COPB1,ADAM10,APBA1,HSPA5,SEC31A,HSPA9,COPB2,RTN3,RAB1A,VDAC1,MFN2,AP2A1,TMED10,TMED2,VPS35,SAR1A,VPS26A,COPA,PLG,SEC13,BIN1,ITPR2,SEC24C,SEC23A,RAB1B,SORL1,IDE,GGA3,ADAM17,SYK,VPS29,PREB,ITPR1,SREBF2,GGA2,AP1G1,AP4M1,ARF6,APBA2,AP2B1,NCSTN,SAR1B,ABCA7,AP3B2,COPG1,COPG2,AP4E1,VLDLR,PSEN1,APP,COPZ1,LRP1,MIA3,MAPK14,TMED9,SORT1,GORASP1,MAPKAPK2,SEC23B,SEC24A,AP4B1,BACE1,MAP2K3,SNX6,APOE,CLU,SIGMAR1,PICALM,SEC24B,GGA1,SNX4,ECE1,EIF2S1,PLCG2,AP4S1,SEC24D,SEC16A
21,COPB1,SEC13,AP2B1,VPS29,AP2A1,SNX6,BIN1,SORT1,COPA,OSBP,AP4E1,ADAM10,IDE,LRP1,PREB,RTN3,MFN2,VPS35,GGA2,ITPR1,COPZ1,TMED2,SEC23A,RTN4,SEC24D,SEC31A,VPS26A,VLDLR,MIA3,SEC24C,TMED10,AP1G1,CLU,PLG,SAR1A,COPB2,APBA2,RAB1B,MAPK14,APP,AP4B1,ABCA7,APBA1,SYK,ARF6,ADAM17,AP3B2,APOE,SREBF2,AP4S1,NCSTN,COPE,HSPA5,SEC24A,ECE1,ITPR2,AP4M1,COPG1,PSEN1,VDAC1,SAR1B,TMED9,HSPA9,GGA1,SNX4,EIF2S1,MAPKAPK2,SEC16A,SORL1,BACE1,PICALM,MAP2K3,RAB1A,GORASP1,SEC24B,COPG2,PLCG2,SIGMAR1,SEC23B,GGA3
22,AP2B1,COPE,PREB,MFN2,BIN1,SNX6,HSPA9,SEC23B,VPS26A,ADAM10,EIF2S1,VPS29,SAR1B,ITPR1,OSBP,RTN3,AP2A1,HSPA5,TMED9,SEC24C,NCSTN,VDAC1,TMED10,COPZ1,AP4B1,COPG2,SEC31A,APBA1,RAB1A,SEC23A,COPB1,CLU,AP4E1,GGA3,PLG,RTN4,SREBF2,SEC16A,GGA2,VPS35,SEC24B,MIA3,SAR1A,COPA,LRP1,AP1G1,APBA2,VLDLR,ABCA7,RAB1B,PSEN1,COPG1,ITPR2,SEC13,MAPKAPK2,COPB2,SYK,MAPK14,SORL1,APOE,IDE,ECE1,ARF6,TMED2,SORT1,SNX4,ADAM17,AP4S1,AP4M1,MAP2K3,BACE1,SEC24D,SEC24A,PLCG2,GORASP1,PICALM,AP3B2,APP,SIGMAR1,GGA1
23,COPE,AP4B1,COPZ1,APBA1,OSBP,LRP1,SEC23A,HSPA5,COPG1,BIN1,SEC23B,AP2B1,AP2A1,RTN3,RTN4,AP3B2,SEC31A,TMED10,VPS26A,PREB,SEC24C,AP1G1,TMED2,VDAC1,SEC13,SAR1A,MIA3,SORL1,VPS35,SEC24A,TMED9,COPB1,EIF2S1,ABCA7,MFN2,ADAM17,AP4E1,MAPK14,GGA3,SORT1,PICALM,COPB2,VLDLR,SNX6,AP4M1,AP4S1,PSEN1,SAR1B,GORASP1,CLU,APOE,ARF6,RAB1A,VPS29,ITPR2,SREBF2,MAPKAPK2,NCSTN,HSPA9,GGA2,PLG,IDE,ECE1,ITPR1,SEC24D,COPA,RAB1B,APP,COPG2,ADAM10,SEC16A,MAP2K3,GGA1,SYK,SNX4,SIGMAR1,APBA2,PLCG2,SEC24B,BACE1
24,RTN3,VPS29,APBA1,ITPR1,VPS26A,VDAC1,NCSTN,SEC13,ABCA7,COPZ1,SORT1,COPG2,ADAM17,AP2A1,SAR1B,VLDLR,COPB1,TMED10,SNX6,MIA3,COPE,RTN4,ARF6,COPG1,SEC31A,AP1G1,SEC23B,BACE1,COPB2,OSBP,EIF2S1,SEC24C,SEC24A,AP2B1,SEC23A,MAP2K3,CLU,IDE,SAR1A,SYK,ADAM10,VPS35,MAPKAPK2,RAB1A,BIN1,COPA,TMED2,PSEN1,SEC16A,SREBF2,TMED9,GGA2,MFN2,AP4E1,PLG,PICALM,HSPA9,LRP1,MAPK14,SEC24D,RAB1B,SEC24B,SNX4,GORASP1,SORL1,APOE,APP,AP4M1,APBA2,AP4B1,GGA3,HSPA5,AP4S1,PREB,AP3B2,PLCG2,ECE1,SIGMAR1,ITPR2,GGA1
25,AP4M1,NCSTN,VDAC1,VPS35,VPS29,PREB,COPB1,SEC24C,COPB2,APBA1,SORT1,SEC24A,AP2B1,BIN1,COPZ1,SEC23B,SAR1A,ARF6,APOE,AP3B2,GGA3,TMED2,MFN2,PSEN1,TMED10,COPA,CLU,RAB1B,TMED9,SEC23A,RTN4,ECE1,ADAM10,SNX4,HSPA5,AP4S1,GGA2,PLG,SAR1B,ITPR2,SEC13,LRP1,AP1G1,IDE,APP,VLDLR,HSPA9,AP4B1,COPG1,ITPR1,SEC16A,ABCA7,SNX6,SREBF2,AP2A1,EIF2S1,COPG2,VPS26A,SEC31A,RAB1A,SORL1,MAPK14,PICALM,COPE,ADAM17,RTN3,MIA3,MAP2K3,BACE1,GGA1,SYK,GORASP1,MAPKAPK2,AP4E1,SIGMAR1,OSBP,SEC24D,PLCG2,SEC24B,APBA2
26,SREBF2,MFN2,ITPR2,GGA2,LRP1,RTN3,RTN4,HSPA9,TMED10,VDAC1,TMED2,APBA1,AP2A1,PICALM,COPZ1,SNX6,VPS26A,COPB2,ADAM10,RAB1A,AP2B1,VPS35,SEC31A,ADAM17,BACE1,VLDLR,AP4B1,HSPA5,SEC13,AP1G1,SORL1,COPE,ITPR1,SEC23A,SAR1B,IDE,BIN1,ECE1,ABCA7,OSBP,COPG2,MAPKAPK2,APOE,SAR1A,SEC23B,AP4E1,PLG,GGA3,PREB,MAPK14,VPS29,SEC16A,RAB1B,AP4S1,SEC24C,COPB1,SEC24A,COPG1,ARF6,TMED9,MAP2K3,SEC24D,MIA3,NCSTN,EIF2S1,SORT1,SYK,SEC24B,PSEN1,AP3B2,APBA2,COPA,APP,SIGMAR1,GORASP1,GGA1,SNX4,PLCG2,AP4M1,CLU
27,VPS29,RTN4,COPG1,VPS35,AP3B2,RAB1A,SNX6,ADAM10,GGA3,APBA1,MFN2,LRP1,COPA,HSPA5,APBA2,COPZ1,AP4S1,NCSTN,SAR1A,AP4B1,ITPR1,SNX4,SEC31A,TMED9,HSPA9,SEC23A,AP1G1,AP2B1,TMED2,GGA2,SAR1B,MIA3,VPS26A,MAPKAPK2,BIN1,PLG,RTN3,SREBF2,PREB,SORL1,SORT1,COPB1,SEC24C,BACE1,SEC24A,SEC23B,CLU,COPG2,COPE,SEC24D,EIF2S1,MAPK14,ABCA7,PSEN1,ITPR2,ADAM17,COPB2,VDAC1,SEC16A,VLDLR,ECE1,SEC24B,TMED10,IDE,MAP2K3,ARF6,RAB1B,GGA1,AP4E1,APP,OSBP,PICALM,SYK,AP4M1,PLCG2,SEC13,GORASP1,SIGMAR1,APOE,AP2A1
28,NCSTN,TMED2,HSPA9,GGA3,APBA1,HSPA5,COPG1,RTN4,BIN1,COPB2,CLU,AP3B2,SNX6,VDAC1,SEC13,SEC23A,RAB1A,MFN2,GGA2,LRP1,AP4B1,COPB1,AP4E1,COPZ1,VLDLR,PLG,VPS26A,TMED10,SAR1A,VPS29,ARF6,AP1G1,SAR1B,AP4S1,AP2B1,IDE,ITPR1,SEC23B,RTN3,APP,SYK,EIF2S1,ITPR2,PREB,VPS35,SREBF2,MIA3,AP2A1,MAPK14,PSEN1,SEC31A,TMED9,APOE,ECE1,COPA,PICALM,SEC16A,SEC24A,ABCA7,COPE,BACE1,AP4M1,ADAM17,COPG2,SEC24D,SNX4,ADAM10,SIGMAR1,RAB1B,SORL1,MAP2K3,GORASP1,SEC24C,OSBP,APBA2,MAPKAPK2,SORT1,PLCG2,SEC24B,GGA1
29,MFN2,EIF2S1,HSPA5,TMED9,ITPR1,VPS29,BACE1,AP2B1,TMED10,OSBP,COPG1,COPA,HSPA9,SAR1B,ADAM17,AP4B1,COPE,PREB,AP3B2,SEC31A,GGA3,IDE,SEC24C,AP1G1,TMED2,SEC13,SORT1,ITPR2,RTN4,SNX6,MIA3,NCSTN,VDAC1,VPS26A,COPZ1,AP2A1,SEC24A,PLG,SORL1,APBA1,SEC23A,SEC23B,SAR1A,COPG2,COPB2,VPS35,SYK,AP4E1,VLDLR,MAPKAPK2,SIGMAR1,APBA2,MAPK14,PSEN1,CLU,ARF6,RAB1A,RAB1B,APP,SEC24D,SREBF2,GGA2,LRP1,GORASP1,APOE,ABCA7,SNX4,COPB1,MAP2K3,AP4M1,RTN3,ADAM10,SEC24B,PICALM,ECE1,BIN1,PLCG2,GGA1,AP4S1,SEC16A
30,SEC24C,VPS26A,ADAM10,VDAC1,SEC23A,MFN2,TMED2,COPA,SAR1A,VPS35,SNX6,RTN4,AP3B2,COPB2,RTN3,AP2B1,ABCA7,COPE,AP4B1,NCSTN,ADAM17,HSPA5,HSPA9,COPZ1,TMED10,COPB1,SEC24A,SORT1,COPG1,SORL1,APP,SEC31A,LRP1,APBA1,PLG,GGA3,RAB1A,CLU,PICALM,MAP2K3,ARF6,GGA2,PREB,AP4E1,SEC13,AP4S1,PSEN1,SREBF2,TMED9,ITPR1,RAB1B,SAR1B,SEC23B,MAPK14,EIF2S1,MIA3,VPS29,BIN1,MAPKAPK2,VLDLR,BACE1,GORASP1,SEC24B,IDE,SEC24D,AP1G1,ITPR2,APOE,ECE1,AP4M1,AP2A1,OSBP,GGA1,SEC16A,SYK,COPG2,APBA2,SNX4,SIGMAR1,PLCG2
31,ADAM10,LRP1,SORT1,MFN2,NCSTN,SEC13,VPS29,SNX4,HSPA9,BIN1,SEC23A,OSBP,VPS26A,COPE,PICALM,PLG,AP3B2,SEC24C,VDAC1,TMED2,TMED10,SORL1,AP2A1,RAB1B,HSPA5,COPZ1,SEC31A,APBA1,ITPR1,MAPKAPK2,SEC24B,MAPK14,RAB1A,AP4E1,RTN4,RTN3,TMED9,ITPR2,VLDLR,SAR1B,AP4B1,PREB,GGA2,AP1G1,GORASP1,SAR1A,CLU,IDE,GGA3,SEC24D,ABCA7,SNX6,AP4S1,AP4M1,COPB1,COPB2,AP2B1,ADAM17,COPG1,ARF6,PSEN1,SEC23B,SREBF2,EIF2S1,VPS35,APOE,COPG2,MIA3,SIGMAR1,APP,BACE1,ECE1,APBA2,SYK,COPA,MAP2K3,SEC24A,GGA1,PLCG2,SEC16A
32,SEC31A,APBA1,SORL1,GGA3,HSPA5,SEC23A,RTN4,BIN1,AP2A1,VDAC1,AP4B1,VPS26A,SEC13,SAR1B,TMED10,ITPR1,VPS29,AP2B1,IDE,TMED2,COPE,COPB1,TMED9,COPG1,SAR1A,ABCA7,EIF2S1,OSBP,SORT1,NCSTN,ITPR2,MIA3,SYK,RTN3,PLG,AP4S1,PREB,HSPA9,AP1G1,COPA,VLDLR,SEC24D,GORASP1,SNX4,COPZ1,RAB1B,AP4E1,COPB2,APOE,CLU,MFN2,VPS35,AP4M1,LRP1,ADAM10,GGA2,AP3B2,SEC24B,PICALM,SEC24C,MAPKAPK2,BACE1,SEC16A,SNX6,ADAM17,PSEN1,SEC23B,ECE1,MAPK14,SREBF2,GGA1,COPG2,RAB1A,PLCG2,ARF6,APBA2,MAP2K3,APP,SEC24A,SIGMAR1
33,IDE,AP2B1,VDAC1,SEC24C,HSPA5,SEC23A,SNX4,NCSTN,PLG,OSBP,APBA1,RAB1A,HSPA9,TMED10,SORT1,SNX6,VLDLR,EIF2S1,SEC24D,TMED2,VPS29,COPB2,SEC24A,SORL1,TMED9,BIN1,SAR1A,VPS26A,AP1G1,ITPR2,SYK,COPA,GGA3,AP4S1,SEC13,SEC31A,ADAM17,COPE,MAPKAPK2,COPZ1,SAR1B,RTN3,ITPR1,RAB1B,COPB1,LRP1,COPG1,VPS35,PICALM,ARF6,AP4B1,PSEN1,MAP2K3,SREBF2,MIA3,MFN2,SEC16A,CLU,ABCA7,PREB,SEC23B,AP2A1,ECE1,GGA2,AP4E1,BACE1,APOE,APP,SIGMAR1,RTN4,AP3B2,MAPK14,AP4M1,APBA2,COPG2,ADAM10,SEC24B,PLCG2,GGA1,GORASP1
34,AP2A1,PICALM,ADAM17,VPS26A,ITPR1,VPS35,ABCA7,EIF2S1,PLG,RTN4,AP3B2,AP4S1,COPB1,MFN2,RAB1B,COPB2,ADAM10,SEC24C,SEC31A,SEC23A,AP1G1,AP4B1,AP2B1,SNX4,SORT1,ARF6,NCSTN,GGA3,AP4E1,RTN3,BIN1,SAR1A,COPE,GGA2,VLDLR,TMED10,SORL1,TMED2,TMED9,LRP1,SNX6,COPA,VDAC1,HSPA5,SEC24A,MIA3,OSBP,COPG1,SEC23B,CLU,ITPR2,MAPK14,MAP2K3,RAB1A,SAR1B,VPS29,MAPKAPK2,SEC24D,APBA1,ECE1,SEC13,SYK,COPG2,HSPA9,PREB,IDE,COPZ1,BACE1,SREBF2,GORASP1,SEC16A,PSEN1,APOE,GGA1,AP4M1,APBA2,PLCG2,SIGMAR1,APP,SEC24B
35,COPB1,SNX4,VPS29,ITPR1,IDE,PREB,SORL1,SORT1,AP1G1,HSPA9,AP4B1,ABCA7,RTN4,LRP1,VPS35,VPS26A,SEC23A,HSPA5,BACE1,AP2B1,COPG1,PLG,COPE,AP4E1,MAPKAPK2,SNX6,SEC24C,AP4S1,COPA,SEC13,MFN2,ADAM10,SAR1A,SEC31A,SEC23B,BIN1,GGA3,PSEN1,SEC24A,TMED9,VLDLR,PICALM,TMED10,COPZ1,APBA1,APOE,VDAC1,AP2A1,CLU,EIF2S1,GORASP1,TMED2,ITPR2,ADAM17,RAB1B,SYK,ARF6,MAPK14,SAR1B,OSBP,NCSTN,ECE1,MAP2K3,APP,RAB1A,SREBF2,SEC16A,APBA2,COPG2,RTN3,MIA3,GGA1,GGA2,SEC24B,SEC24D,AP4M1,SIGMAR1,PLCG2,AP3B2,COPB2
36,HSPA5,SAR1B,ADAM17,ITPR1,IDE,VDAC1,SEC13,TMED9,AP2A1,AP3B2,VLDLR,SNX6,SAR1A,COPB2,TMED10,ADAM10,SORL1,BACE1,SORT1,COPZ1,AP1G1,LRP1,ABCA7,APBA1,COPB1,MIA3,AP2B1,RTN4,ARF6,SEC24A,AP4M1,ITPR2,SYK,SEC24C,HSPA9,MFN2,AP4B1,APOE,CLU,GORASP1,SEC24D,RTN3,PICALM,SEC31A,SREBF2,BIN1,PREB,NCSTN,RAB1B,PSEN1,GGA2,SEC23A,GGA3,MAPK14,TMED2,PLG,MAP2K3,ECE1,VPS26A,VPS35,COPE,VPS29,EIF2S1,AP4E1,RAB1A,COPA,OSBP,COPG1,MAPKAPK2,SEC16A,AP4S1,APP,COPG2,SNX4,GGA1,APBA2,PLCG2,SIGMAR1,SEC24B,SEC23B
37,SNX4,ADAM10,VPS35,AP1G1,SEC24C,SEC23A,SNX6,CLU,VLDLR,RTN4,NCSTN,AP4S1,SAR1A,IDE,COPA,MFN2,BACE1,PREB,AP2A1,TMED10,OSBP,TMED9,RAB1B,APBA1,SEC24D,SEC13,BIN1,EIF2S1,COPZ1,PICALM,PLG,ADAM17,VPS29,HSPA9,COPB1,SEC23B,SEC31A,SEC24A,MIA3,TMED2,MAPKAPK2,COPB2,SYK,SORL1,ITPR2,PSEN1,RTN3,SAR1B,VDAC1,AP4E1,VPS26A,COPG2,RAB1A,MAPK14,AP2B1,GGA2,ABCA7,LRP1,MAP2K3,SREBF2,COPG1,COPE,APOE,SORT1,HSPA5,ITPR1,AP4B1,ECE1,ARF6,SEC24B,AP3B2,SEC16A,SIGMAR1,GGA3,APP,GGA1,AP4M1,GORASP1,PLCG2,APBA2
38,SEC31A,EIF2S1,COPE,BACE1,SEC24C,SEC23A,HSPA5,AP4B1,OSBP,RTN3,MFN2,SEC24A,SORT1,SNX6,PREB,ARF6,APOE,MAPKAPK2,TMED2,SEC23B,TMED10,LRP1,VPS26A,AP2A1,AP1G1,RAB1B,IDE,SNX4,SORL1,TMED9,COPB2,AP4E1,MAPK14,VPS29,RTN4,AP4S1,PSEN1,ADAM10,COPA,MIA3,PICALM,CLU,VLDLR,COPZ1,SEC24D,AP2B1,SAR1A,COPG2,ITPR2,GGA3,MAP2K3,HSPA9,AP3B2,PLG,VDAC1,SAR1B,GGA2,BIN1,SEC13,NCSTN,RAB1A,SYK,APBA1,GORASP1,SEC16A,COPG1,SEC24B,ABCA7,ADAM17,SIGMAR1,ECE1,APP,AP4M1,SREBF2,ITPR1,GGA1,PLCG2,VPS35,COPB1,APBA2
39,IDE,HSPA5,RAB1A,SEC13,COPB1,RTN3,VDAC1,SEC31A,ITPR1,VPS29,APBA2,TMED2,PLG,AP4B1,SEC23A,HSPA9,ABCA7,VPS35,GGA3,AP1G1,SAR1B,SAR1A,RTN4,SORL1,MFN2,AP3B2,SEC24A,TMED9,ITPR2,COPB2,LRP1,ADAM17,AP2B1,COPZ1,COPE,AP2A1,PREB,VPS26A,VLDLR,TMED10,SNX6,COPA,SEC24D,BIN1,SEC24C,OSBP,SORT1,SREBF2,ARF6,PSEN1,GGA2,AP4M1,NCSTN,APBA1,MAP2K3,CLU,ADAM10,EIF2S1,MIA3,GORASP1,AP4E1,RAB1B,SYK,APOE,MAPKAPK2,SNX4,BACE1,SEC16A,COPG1,SEC24B,COPG2,MAPK14,ECE1,SEC23B,PLCG2,APP,AP4S1,PICALM,GGA1,SIGMAR1
40,APBA1,RAB1A,AP2A1,ITPR1,BIN1,COPA,SORT1,VDAC1,MFN2,AP2B1,SNX4,RAB1B,LRP1,HSPA5,VPS35,SORL1,PLG,SEC23A,GGA2,SEC23B,AP3B2,HSPA9,RTN4,AP4E1,SEC13,COPZ1,ARF6,COPB1,AP4B1,PREB,GGA3,BACE1,MAPK14,TMED9,COPE,SEC24C,MIA3,NCSTN,SEC24A,OSBP,TMED10,SYK,VPS29,AP4S1,ADAM10,COPB2,RTN3,SREBF2,SEC24D,TMED2,VPS26A,SNX6,IDE,EIF2S1,SAR1A,ITPR2,MAPKAPK2,SAR1B,CLU,ECE1,ABCA7,GORASP1,PICALM,ADAM17,PSEN1,MAP2K3,COPG1,VLDLR,SEC16A,APOE,COPG2,SIGMAR1,AP4M1,SEC31A,APBA2,AP1G1,GGA1,PLCG2,APP,SEC24B
41,TMED9,PSEN1,TMED10,COPB1,APBA1,RTN4,SEC31A,COPZ1,VPS35,NCSTN,VDAC1,SEC13,HSPA5,TMED2,COPB2,COPE,SAR1A,SEC23A,PREB,SEC24C,ABCA7,SORL1,SNX6,LRP1,GGA2,VPS26A,AP4E1,MAPK14,AP3B2,AP4S1,IDE,ARF6,SORT1,COPG1,MFN2,AP4B1,VPS29,AP2B1,COPA,SAR1B,SEC24D,AP1G1,GGA3,AP2A1,BACE1,ADAM10,PLG,HSPA9,EIF2S1,ADAM17,PICALM,SREBF2,SEC23B,ITPR2,SNX4,COPG2,MIA3,SYK,RTN3,OSBP,ITPR1,SEC24A,SIGMAR1,APOE,APBA2,VLDLR,APP,ECE1,AP4M1,RAB1A,MAPKAPK2,GGA1,BIN1,MAP2K3,SEC16A,RAB1B,PLCG2,SEC24B,CLU,GORASP1
42,SEC31A,MIA3,AP1G1,AP2A1,VPS26A,PICALM,HSPA9,AP2B1,APBA1,MFN2,OSBP,COPE,SEC23B,VPS35,IDE,COPZ1,AP4B1,PREB,ARF6,SEC24C,ECE1,COPB2,VDAC1,TMED2,SNX6,VLDLR,AP4S1,AP3B2,SNX4,HSPA5,MAPKAPK2,GGA2,MAP2K3,ADAM10,COPG1,SEC13,SEC24A,EIF2S1,COPB1,BIN1,SORL1,LRP1,PLG,ITPR2,ITPR1,SYK,SAR1B,VPS29,SAR1A,RAB1A,BACE1,SEC23A,PSEN1,ADAM17,COPA,CLU,TMED10,SEC24D,TMED9,ABCA7,RAB1B,RTN3,NCSTN,APOE,SREBF2,SORT1,COPG2,AP4E1,APP,MAPK14,GGA3,AP4M1,SEC16A,SIGMAR1,SEC24B,GGA1,GORASP1,RTN4,APBA2,PLCG2
43,VPS35,TMED10,APBA1,ADAM10,SNX6,SEC23A,VPS26A,GGA3,TMED2,HSPA9,SORT1,IDE,VLDLR,MFN2,TMED9,SEC13,ARF6,MIA3,VDAC1,SEC24C,VPS29,PLG,NCSTN,COPB1,OSBP,ABCA7,AP3B2,PSEN1,COPE,HSPA5,SEC24A,RTN3,PREB,BIN1,ADAM17,ITPR1,SEC31A,APBA2,COPG1,AP1G1,AP4B1,COPZ1,SAR1A,AP2B1,MAP2K3,AP4S1,COPB2,EIF2S1,SEC16A,SEC23B,SNX4,COPA,LRP1,RAB1B,SEC24D,SREBF2,GGA2,MAPKAPK2,SEC24B,ITPR2,SYK,RAB1A,RTN4,COPG2,PLCG2,CLU,SORL1,SAR1B,MAPK14,AP4E1,AP4M1,ECE1,APOE,GORASP1,AP2A1,APP,SIGMAR1,BACE1,GGA1,PICALM
44,CLU,MFN2,EIF2S1,BIN1,AP3B2,LRP1,SORT1,HSPA5,COPG1,COPB2,TMED9,TMED2,VPS29,SAR1A,BACE1,VPS35,HSPA9,AP2B1,ADAM10,SNX6,RTN3,SAR1B,AP4E1,AP1G1,VLDLR,AP4B1,AP2A1,RTN4,VDAC1,SEC31A,PSEN1,GGA2,ITPR1,ADAM17,PICALM,VPS26A,TMED10,SEC13,COPZ1,ABCA7,GORASP1,RAB1A,SEC23A,GGA3,NCSTN,COPE,AP4S1,SREBF2,SNX4,MAPK14,PLG,SEC24C,ITPR2,COPB1,MAP2K3,APBA1,ARF6,SORL1,MAPKAPK2,SYK,SEC16A,MIA3,SEC24A,OSBP,SEC23B,APBA2,GGA1,COPA,APOE,IDE,PREB,SEC24D,SIGMAR1,SEC24B,ECE1,COPG2,RAB1B,PLCG2,APP,AP4M1
45,VPS35,SEC24C,AP1G1,COPB1,APBA1,EIF2S1,VDAC1,SEC13,MFN2,SORL1,TMED9,PSEN1,SAR1A,HSPA9,AP4S1,ITPR1,PREB,SEC23A,SYK,SORT1,GGA2,AP3B2,SNX6,SEC23B,MAPKAPK2,OSBP,CLU,AP2B1,ABCA7,ITPR2,SNX4,SEC31A,COPE,RTN4,NCSTN,RTN3,GGA3,ARF6,APP,PICALM,ADAM17,LRP1,COPB2,AP4E1,AP2A1,AP4B1,PLG,IDE,COPZ1,HSPA5,VPS26A,BIN1,APOE,RAB1A,TMED2,SREBF2,COPG1,MAPK14,COPA,BACE1,AP4M1,MAP2K3,SEC24D,SEC24A,VLDLR,SAR1B,MIA3,ADAM10,GGA1,TMED10,ECE1,VPS29,SIGMAR1,GORASP1,PLCG2,APBA2,SEC24B,RAB1B,SEC16A,COPG2
46,ADAM10,SEC24C,MFN2,SORL1,VDAC1,GGA3,APBA1,HSPA5,RTN3,COPZ1,APP,PLG,RAB1B,RAB1A,CLU,AP4B1,NCSTN,AP2B1,SNX6,AP1G1,AP3B2,OSBP,SNX4,LRP1,BIN1,ABCA7,COPE,VLDLR,RTN4,TMED10,TMED2,SAR1A,SEC31A,COPB1,VPS35,COPA,PICALM,ADAM17,AP2A1,HSPA9,PREB,AP4S1,SEC23A,TMED9,SEC24A,MAPK14,AP4E1,MAPKAPK2,VPS26A,COPG1,MAP2K3,GGA2,BACE1,MIA3,COPB2,ITPR1,SEC24D,IDE,SREBF2,ECE1,APBA2,APOE,VPS29,GORASP1,SEC23B,SORT1,SEC16A,SEC13,PSEN1,ITPR2,PLCG2,EIF2S1,SYK,SEC24B,COPG2,SIGMAR1,SAR1B,GGA1,AP4M1,ARF6
47,ITPR1,VLDLR,TMED10,AP3B2,COPZ1,APBA1,AP1G1,SORT1,BIN1,EIF2S1,AP2B1,ADAM17,HSPA9,TMED9,AP4S1,SAR1A,RTN4,SEC23B,IDE,VPS35,ABCA7,SEC13,SNX6,SEC24C,MFN2,NCSTN,PSEN1,AP2A1,OSBP,SORL1,SYK,SAR1B,COPB1,SEC23A,VPS29,RTN3,COPE,PREB,RAB1B,GGA2,VPS26A,SEC31A,LRP1,ADAM10,COPG2,ARF6,MIA3,PLG,MAPK14,AP4E1,SREBF2,BACE1,AP4M1,ITPR2,SEC24A,TMED2,COPG1,AP4B1,GGA3,COPB2,ECE1,APP,MAP2K3,MAPKAPK2,COPA,SNX4,VDAC1,APBA2,HSPA5,APOE,SEC24B,PICALM,CLU,SEC24D,SEC16A,GGA1,GORASP1,PLCG2,RAB1A,SIGMAR1
48,BIN1,RTN4,RTN3,VPS26A,VPS35,COPB2,ADAM10,AP3B2,TMED2,SEC24C,SAR1A,SEC23A,TMED9,NCSTN,BACE1,PSEN1,LRP1,HSPA9,HSPA5,AP4B1,COPB1,AP1G1,COPZ1,SEC23B,MFN2,RAB1B,SEC24A,VLDLR,IDE,TMED10,ABCA7,ADAM17,AP2B1,PICALM,SEC31A,PREB,VDAC1,SNX6,ARF6,PLG,SORT1,COPA,SEC13,OSBP,GGA2,SEC16A,SORL1,AP4E1,ITPR2,MIA3,MAPKAPK2,AP4S1,APOE,SYK,SREBF2,VPS29,ECE1,MAP2K3,EIF2S1,CLU,AP4M1,SNX4,RAB1A,COPG1,ITPR1,AP2A1,GORASP1,SEC24D,GGA1,SAR1B,GGA3,APBA1,APP,MAPK14,COPE,COPG2,SEC24B,PLCG2,SIGMAR1,APBA2
49,IDE,AP2A1,COPA,COPB2,TMED2,OSBP,SEC23A,VPS26A,RAB1B,TMED9,VPS35,SAR1A,ITPR2,SORT1,ITPR1,SEC24C,SEC13,CLU,GORASP1,PICALM,PLG,NCSTN,HSPA5,RAB1A,AP2B1,RTN4,AP1G1,VPS29,HSPA9,AP4E1,ADAM10,ABCA7,VDAC1,MAPK14,SNX6,RTN3,ADAM17,SREBF2,GGA2,MAPKAPK2,MFN2,AP3B2,VLDLR,PREB,COPG1,APOE,SEC31A,SORL1,SEC24D,TMED10,SEC16A,BACE1,COPE,LRP1,SAR1B,COPZ1,ARF6,COPB1,AP4S1,GGA3,EIF2S1,AP4M1,MIA3,BIN1,SEC24A,APBA1,APBA2,AP4B1,ECE1,COPG2,SEC24B,SEC23B,PSEN1,SIGMAR1,SYK,MAP2K3,GGA1,PLCG2,APP,SNX4
50,MFN2,HSPA9,PSEN1,TMED9,AP2B1,AP2A1,SORL1,OSBP,COPZ1,SORT1,APBA1,IDE,SEC24C,COPB2,COPA,SEC31A,ADAM10,AP1G1,ARF6,NCSTN,RAB1A,AP4B1,VDAC1,COPB1,AP4M1,PLG,PICALM,AP4S1,LRP1,SAR1A,SEC23A,VPS35,MIA3,MAPKAPK2,BACE1,RTN3,SREBF2,AP4E1,SEC13,VLDLR,VPS26A,HSPA5,GGA2,APP,SNX6,EIF2S1,ITPR1,RTN4,COPE,BIN1,AP3B2,GGA3,SYK,SEC24A,SEC23B,TMED10,COPG1,ITPR2,APOE,MAPK14,GORASP1,PREB,VPS29,ECE1,ADAM17,SEC24B,COPG2,SNX4,MAP2K3,TMED2,CLU,ABCA7,APBA2,SEC24D,SAR1B,GGA1,SIGMAR1,RAB1B,PLCG2,SEC16A
51,SNX4,AP3B2,IDE,LRP1,SAR1A,AP4S1,ADAM10,SEC24C,COPB2,SEC23A,SEC23B,PLG,AP2B1,TMED2,SORT1,ABCA7,ITPR1,HSPA9,ADAM17,NCSTN,SEC13,RTN3,PSEN1,EIF2S1,BIN1,MFN2,AP1G1,AP4E1,TMED9,GGA3,GGA2,ARF6,MIA3,ITPR2,VPS26A,SAR1B,HSPA5,VDAC1,SORL1,APBA1,VPS29,RTN4,PREB,RAB1A,COPE,AP2A1,COPZ1,VPS35,TMED10,SEC31A,SEC24D,SYK,MAP2K3,COPB1,APOE,MAPKAPK2,CLU,SEC24A,RAB1B,GORASP1,MAPK14,ECE1,COPA,SREBF2,SEC24B,COPG2,AP4M1,PICALM,SEC16A,SIGMAR1,AP4B1,COPG1,SNX6,APBA2,OSBP,VLDLR,PLCG2,BACE1,APP,GGA1
52,EIF2S1,SNX6,SORT1,COPB2,COPE,OSBP,SEC23B,AP1G1,SEC23A,SEC24C,TMED9,AP4M1,TMED2,VDAC1,IDE,ABCA7,SEC13,COPB1,TMED10,RTN3,VPS26A,AP2A1,PREB,ITPR1,RTN4,BACE1,APBA2,BIN1,LRP1,MIA3,COPZ1,PICALM,APBA1,SAR1A,PSEN1,SYK,AP2B1,VPS35,AP4B1,VPS29,SEC31A,HSPA9,SAR1B,ADAM10,APOE,MAPKAPK2,AP4E1,AP4S1,MFN2,ARF6,SEC24D,COPG1,RAB1B,VLDLR,COPG2,AP3B2,NCSTN,RAB1A,SORL1,GGA3,ECE1,PLG,ADAM17,GGA2,HSPA5,MAP2K3,COPA,SEC16A,SEC24A,ITPR2,SNX4,MAPK14,APP,GORASP1,SREBF2,SEC24B,GGA1,PLCG2,SIGMAR1,CLU
53,HSPA5,SEC31A,ADAM10,COPE,AP2B1,SAR1B,VPS29,OSBP,NCSTN,RTN4,SORT1,COPZ1,SEC13,SAR1A,TMED10,SNX6,LRP1,COPG2,TMED2,APBA1,HSPA9,RAB1A,ABCA7,SORL1,MAPKAPK2,VPS35,BACE1,EIF2S1,VLDLR,AP1G1,AP4E1,COPG1,AP4S1,VPS26A,COPA,BIN1,PLG,GGA3,AP4B1,ITPR1,SEC23A,SYK,RTN3,PREB,AP2A1,VDAC1,ARF6,MIA3,COPB2,SEC23B,MFN2,SEC24C,ITPR2,IDE,SEC24D,GGA2,APBA2,APP,RAB1B,COPB1,SREBF2,PSEN1,SEC24A,TMED9,MAPK14,GORASP1,SEC16A,PICALM,SEC24B,APOE,MAP2K3,ECE1,AP4M1,ADAM17,SNX4,SIGMAR1,CLU,PLCG2,GGA1,AP3B2
54,CLU,APOE,HSPA9,MFN2,ADAM10,RAB1A,COPZ1,RTN4,SAR1B,COPB2,VPS35,AP2B1,TMED2,RTN3,BIN1,SEC23A,APBA1,SORL1,PREB,NCSTN,AP1G1,VLDLR,TMED10,AP4S1,MIA3,IDE,PLG,SEC31A,AP2A1,AP4B1,SAR1A,OSBP,ARF6,SEC24C,VPS29,COPB1,SORT1,COPG1,SNX6,SEC24A,COPE,ITPR1,AP4E1,PICALM,LRP1,SEC23B,SEC24D,PSEN1,VPS26A,TMED9,ABCA7,GGA3,SEC13,EIF2S1,VDAC1,HSPA5,ITPR2,GGA2,MAPK14,COPA,ECE1,SNX4,ADAM17,COPG2,RAB1B,GORASP1,SEC16A,SREBF2,MAPKAPK2,SIGMAR1,APBA2,APP,MAP2K3,AP3B2,SEC24B,GGA1,PLCG2,SYK,BACE1,AP4M1
55,SEC31A,AP2B1,AP1G1,COPA,COPE,SEC13,APBA1,VPS35,SEC24A,BIN1,SAR1A,OSBP,COPZ1,VPS26A,NCSTN,IDE,VPS29,PLG,MFN2,EIF2S1,AP4S1,VDAC1,TMED2,LRP1,SEC23A,HSPA5,SORL1,COPG1,SEC24C,SAR1B,TMED9,AP4B1,MAPKAPK2,ADAM10,RTN4,TMED10,AP2A1,SNX6,ITPR2,VLDLR,MAPK14,PICALM,GGA3,COPB1,BACE1,SORT1,COPB2,PSEN1,ARF6,MIA3,HSPA9,CLU,APOE,ADAM17,AP4E1,SEC24D,AP4M1,AP3B2,COPG2,GORASP1,ABCA7,APBA2,MAP2K3,ECE1,SNX4,PREB,SREBF2,SEC16A,GGA1,RAB1B,RTN3,GGA2,PLCG2,RAB1A,SYK,SEC24B,APP,SIGMAR1,SEC23B,ITPR1
56,SAR1B,SORT1,VPS26A,TMED10,APBA1,RTN3,BIN1,PLG,TMED2,COPB2,CLU,GGA2,LRP1,ADAM17,COPZ1,NCSTN,SNX6,MIA3,HSPA5,IDE,SREBF2,VDAC1,COPA,MFN2,OSBP,SEC24C,SEC23A,SEC23B,AP2B1,AP4B1,COPG1,COPE,EIF2S1,AP2A1,AP4S1,SEC31A,PSEN1,ARF6,VPS29,SEC24A,TMED9,VPS35,ABCA7,AP3B2,VLDLR,GGA3,PREB,ITPR1,PICALM,RAB1B,SEC24D,SEC13,APP,AP4E1,MAPK14,APOE,SEC16A,ECE1,RTN4,ITPR2,HSPA9,SNX4,MAPKAPK2,BACE1,ADAM10,AP4M1,GORASP1,AP1G1,APBA2,MAP2K3,SORL1,COPB1,SYK,SAR1A,SIGMAR1,COPG2,RAB1A,PLCG2,GGA1,SEC24B
57,COPZ1,SEC24C,RTN3,APBA1,NCSTN,SEC13,VPS35,PREB,BIN1,BACE1,COPG2,COPB1,SAR1B,MAPKAPK2,VPS26A,SEC31A,RTN4,ADAM10,HSPA9,ITPR2,SNX6,TMED2,TMED10,AP2B1,SEC23A,VPS29,VDAC1,PLG,SORT1,PICALM,MAPK14,GGA3,ABCA7,AP4E1,ADAM17,TMED9,PSEN1,SORL1,SAR1A,VLDLR,EIF2S1,SYK,AP4B1,HSPA5,RAB1B,AP2A1,IDE,COPA,COPB2,SEC24A,ARF6,MFN2,MIA3,SREBF2,GGA2,COPG1,OSBP,COPE,CLU,SEC23B,LRP1,MAP2K3,AP1G1,AP3B2,SEC24B,GGA1,SNX4,SEC16A,ITPR1,AP4M1,AP4S1,APOE,ECE1,GORASP1,APBA2,APP,SEC24D,PLCG2,RAB1A,SIGMAR1
58,SYK,SEC24C,AP1G1,AP2A1,SORL1,CLU,VDAC1,SEC23B,APBA1,SEC23A,EIF2S1,LRP1,SEC13,AP3B2,SEC24D,COPB1,PICALM,ABCA7,AP4B1,RTN3,OSBP,VPS35,ADAM17,ARF6,IDE,MIA3,AP4E1,BACE1,MAPK14,VPS29,COPZ1,AP2B1,PLG,RAB1A,RTN4,SORT1,MAP2K3,PREB,SNX4,VPS26A,SNX6,BIN1,SEC24A,SAR1A,SEC16A,NCSTN,COPA,COPE,SEC31A,ITPR2,HSPA9,TMED10,MFN2,HSPA5,COPB2,ECE1,RAB1B,SREBF2,GORASP1,GGA2,PSEN1,ITPR1,TMED9,MAPKAPK2,ADAM10,AP4S1,SAR1B,AP4M1,VLDLR,COPG2,TMED2,GGA3,APBA2,SEC24B,GGA1,PLCG2,APOE,APP,COPG1,SIGMAR1
59,SNX6,EIF2S1,SEC24D,IDE,AP3B2,AP4B1,COPE,SAR1A,SEC23A,AP4S1,COPG1,SEC13,GGA3,NCSTN,RTN4,ADAM10,RTN3,VPS35,SYK,AP1G1,SORL1,APBA1,VPS29,TMED9,VDAC1,TMED2,ADAM17,TMED10,COPZ1,COPA,BIN1,RAB1B,VPS26A,HSPA5,OSBP,PLG,ARF6,ITPR2,HSPA9,MIA3,SORT1,MFN2,SEC24C,ABCA7,SEC31A,ITPR1,PSEN1,SNX4,AP4E1,MAPKAPK2,SREBF2,BACE1,MAP2K3,COPB1,PREB,SEC24A,GGA2,MAPK14,CLU,LRP1,AP2A1,COPG2,PICALM,RAB1A,SAR1B,AP4M1,AP2B1,APOE,APP,GGA1,GORASP1,SEC16A,PLCG2,SEC23B,SEC24B,VLDLR,SIGMAR1,ECE1,APBA2,COPB2
60,RTN4,OSBP,AP2B1,HSPA9,IDE,ADAM17,HSPA5,SREBF2,MFN2,ABCA7,AP2A1,PLG,RTN3,SNX6,ADAM10,SORL1,SEC23A,BIN1,EIF2S1,BACE1,SORT1,NCSTN,SEC13,VLDLR,TMED9,MAPKAPK2,GGA2,LRP1,VPS26A,SEC24A,RAB1B,VPS35,TMED10,GGA3,COPZ1,SAR1B,APBA1,SAR1A,SEC24C,COPA,ARF6,MIA3,PREB,COPB2,APOE,COPB1,CLU,AP3B2,SEC16A,MAP2K3,SEC23B,COPG2,MAPK14,COPE,TMED2,COPG1,AP4B1,VDAC1,AP4E1,AP1G1,RAB1A,SNX4,SEC31A,SEC24D,APBA2,ITPR1,PICALM,PSEN1,SEC24B,SYK,GORASP1,VPS29,ITPR2,ECE1,AP4S1,SIGMAR1,APP,AP4M1,GGA1,PLCG2
61,RAB1A,VPS35,VPS26A,SORT1,SNX4,AP2B1,VPS29,VDAC1,MFN2,HSPA9,MIA3,COPA,AP4S1,COPB2,SYK,RTN4,SNX6,NCSTN,PREB,ITPR2,GGA3,TMED10,LRP1,AP4B1,TMED2,SEC24C,AP2A1,TMED9,MAPK14,BIN1,AP4E1,OSBP,HSPA5,VLDLR,PLG,APOE,COPG1,SEC23A,SAR1B,SAR1A,CLU,ABCA7,IDE,COPE,RTN3,EIF2S1,PICALM,ARF6,SEC24A,PSEN1,SREBF2,SORL1,COPZ1,ITPR1,GGA2,ADAM10,APBA1,SEC16A,SEC13,SEC31A,SEC23B,MAPKAPK2,RAB1B,AP3B2,ECE1,BACE1,COPB1,COPG2,APBA2,ADAM17,AP1G1,SEC24B,SEC24D,GORASP1,PLCG2,MAP2K3,GGA1,APP,SIGMAR1,AP4M1
62,EIF2S1,SYK,AP2B1,SEC31A,VPS26A,COPA,ITPR2,RTN3,AP4B1,IDE,RAB1B,HSPA9,VPS29,SEC16A,ADAM10,GGA3,NCSTN,OSBP,COPB2,AP2A1,SAR1B,SNX6,VPS35,COPE,LRP1,AP3B2,VDAC1,SNX4,COPB1,MAPKAPK2,ABCA7,AP4S1,TMED9,ADAM17,RTN4,PREB,TMED10,MFN2,SEC23A,APBA1,PICALM,COPZ1,SAR1A,BIN1,MIA3,ARF6,COPG2,PSEN1,BACE1,PLG,SREBF2,SEC24D,GGA2,HSPA5,SEC24A,APBA2,AP4E1,SEC13,ITPR1,CLU,APOE,VLDLR,COPG1,MAPK14,AP1G1,SORL1,SORT1,GORASP1,SEC24C,SEC23B,SEC24B,RAB1A,PLCG2,MAP2K3,AP4M1,GGA1,SIGMAR1,APP,TMED2,ECE1
63,SAR1A,COPZ1,VLDLR,NCSTN,COPB2,SEC13,ADAM10,BIN1,PREB,TMED9,COPB1,SORT1,SEC23B,VPS35,IDE,TMED10,RTN4,AP2B1,PLG,SEC23A,COPG1,COPA,VPS29,HSPA5,AP2A1,SEC24C,SEC31A,TMED2,AP4B1,APBA1,PSEN1,AP3B2,GGA3,HSPA9,GGA2,LRP1,SNX6,MFN2,ABCA7,MIA3,RAB1A,VDAC1,SAR1B,RAB1B,MAPKAPK2,SEC24D,SEC16A,MAPK14,AP4E1,COPG2,SNX4,SEC24A,PICALM,ARF6,APBA2,OSBP,BACE1,ITPR2,MAP2K3,APOE,APP,AP1G1,SORL1,GORASP1,SREBF2,CLU,RTN3,ITPR1,EIF2S1,AP4M1,ADAM17,COPE,GGA1,SYK,VPS26A,SIGMAR1,PLCG2,ECE1,AP4S1,SEC24B
64,GGA3,AP2A1,AP4B1,SNX6,ADAM10,VPS35,VPS29,MFN2,SEC24C,AP4E1,IDE,SEC23A,AP2B1,TMED10,SEC24A,TMED9,PSEN1,ITPR1,PREB,COPB1,SORL1,PLG,COPB2,RTN4,SORT1,SEC13,APBA1,VPS26A,SEC16A,ADAM17,LRP1,COPZ1,NCSTN,SEC23B,AP3B2,BIN1,GGA2,SNX4,RTN3,SAR1B,BACE1,SEC24D,MAPK14,PICALM,EIF2S1,TMED2,SYK,COPG2,MIA3,COPE,ITPR2,SAR1A,SEC31A,HSPA5,ABCA7,AP1G1,HSPA9,VLDLR,OSBP,MAPKAPK2,SREBF2,RAB1A,ARF6,RAB1B,COPG1,VDAC1,GGA1,SEC24B,APBA2,GORASP1,MAP2K3,APP,ECE1,COPA,SIGMAR1,CLU,APOE,AP4M1,PLCG2,AP4S1
65,ADAM10,ARF6,ITPR1,SNX6,AP2B1,PREB,MIA3,APOE,SEC23A,COPZ1,SEC24C,MFN2,AP3B2,AP4B1,AP2A1,COPE,RTN3,COPB2,LRP1,NCSTN,VDAC1,TMED10,VPS26A,GGA2,AP1G1,OSBP,COPB1,SAR1A,APBA1,SEC13,RTN4,BIN1,ECE1,PICALM,PLG,TMED2,VLDLR,AP4E1,ABCA7,ADAM17,PSEN1,SEC24A,SAR1B,HSPA5,TMED9,IDE,SEC31A,EIF2S1,GGA3,COPG1,SEC23B,COPA,SEC16A,BACE1,MAPK14,VPS29,GORASP1,SORL1,HSPA9,SREBF2,SEC24D,APP,SYK,VPS35,SORT1,RAB1A,AP4M1,MAPKAPK2,RAB1B,COPG2,CLU,PLCG2,AP4S1,APBA2,SNX4,ITPR2,SIGMAR1,SEC24B,GGA1,MAP2K3
66,TMED9,SEC31A,VPS35,ITPR1,RTN4,COPE,AP2A1,EIF2S1,ADAM17,ABCA7,SAR1B,SEC23A,AP1G1,BIN1,SORT1,BACE1,COPA,HSPA9,NCSTN,TMED2,ADAM10,COPB1,CLU,GGA3,SEC24A,RAB1A,VPS29,SYK,APBA1,ARF6,SORL1,VPS26A,MIA3,AP4B1,COPZ1,SNX6,VLDLR,TMED10,MAPKAPK2,AP4E1,MFN2,PLG,AP2B1,GGA1,SEC23B,GGA2,HSPA5,PREB,IDE,COPB2,AP4S1,SNX4,SEC24C,SAR1A,AP4M1,MAPK14,MAP2K3,RTN3,SEC24D,OSBP,LRP1,GORASP1,PICALM,APOE,SREBF2,SEC13,VDAC1,SIGMAR1,ITPR2,RAB1B,AP3B2,APBA2,APP,COPG1,PLCG2,SEC24B,ECE1,COPG2,PSEN1,SEC16A
67,OSBP,COPB1,APBA1,COPB2,VDAC1,SEC31A,MFN2,SORL1,AP3B2,HSPA5,BIN1,TMED2,SAR1A,COPZ1,VPS35,NCSTN,AP1G1,GORASP1,SORT1,PREB,BACE1,VPS29,TMED10,VLDLR,SEC13,AP4M1,COPE,MAPK14,AP4E1,SAR1B,SEC24C,AP2A1,ITPR1,ITPR2,HSPA9,RTN3,IDE,ADAM10,PICALM,SEC16A,GGA2,MIA3,COPG1,VPS26A,SEC23B,MAPKAPK2,TMED9,AP2B1,SEC24D,ABCA7,EIF2S1,ARF6,SREBF2,SEC23A,SNX4,SYK,PLG,ADAM17,COPA,SIGMAR1,SNX6,LRP1,APP,GGA3,ECE1,RTN4,SEC24A,AP4S1,AP4B1,MAP2K3,RAB1A,RAB1B,SEC24B,PLCG2,CLU,PSEN1,GGA1,APBA2,COPG2,APOE
68,VPS35,AP2B1,SORL1,ADAM10,SAR1B,RAB1A,PICALM,SEC23B,SEC24C,RTN3,SEC13,APBA1,RTN4,SEC23A,AP3B2,AP4E1,AP4S1,HSPA9,SNX6,MAPKAPK2,VDAC1,COPZ1,OSBP,BIN1,COPB1,TMED2,TMED10,ADAM17,PREB,AP4B1,SORT1,CLU,COPB2,SEC24A,MAP2K3,HSPA5,AP2A1,AP1G1,ITPR1,SEC31A,COPE,SYK,ARF6,SAR1A,ITPR2,MFN2,APBA2,IDE,VPS29,SEC24D,AP4M1,COPA,EIF2S1,ECE1,COPG1,MIA3,ABCA7,PLG,MAPK14,BACE1,COPG2,SREBF2,GGA2,PSEN1,TMED9,RAB1B,VLDLR,APOE,GGA1,SEC16A,LRP1,VPS26A,NCSTN,SNX4,APP,GGA3,SEC24B,GORASP1,SIGMAR1,PLCG2
69,HSPA5,MIA3,RTN4,RTN3,SORL1,MFN2,SORT1,BIN1,SEC23A,IDE,COPB2,AP4B1,GGA3,ADAM17,ITPR1,LRP1,ARF6,TMED10,SEC23B,AP1G1,AP2A1,SREBF2,TMED9,VPS35,ADAM10,PLG,VPS26A,APBA1,SEC24C,VPS29,AP2B1,COPA,SAR1B,AP4E1,SEC24A,MAPK14,COPG1,AP3B2,GGA2,CLU,APOE,PSEN1,AP4S1,RAB1A,COPZ1,ITPR2,VDAC1,NCSTN,RAB1B,SEC31A,SAR1A,SNX4,HSPA9,SNX6,PICALM,ABCA7,VLDLR,COPE,SEC13,EIF2S1,MAPKAPK2,OSBP,MAP2K3,ECE1,COPB1,SEC16A,TMED2,SYK,PREB,SEC24D,COPG2,APBA2,SEC24B,BACE1,GORASP1,SIGMAR1,PLCG2,AP4M1,APP,GGA1
70,VPS29,AP1G1,ITPR2,SEC24C,TMED2,ADAM17,BACE1,TMED10,VLDLR,SNX6,PREB,VPS35,ARF6,MIA3,COPB1,HSPA9,SEC23A,HSPA5,VPS26A,MFN2,ADAM10,COPG2,MAPKAPK2,SYK,AP3B2,SORT1,CLU,GGA3,ABCA7,RTN3,AP4B1,SAR1B,SNX4,RTN4,COPZ1,PSEN1,TMED9,SEC24A,SREBF2,NCSTN,RAB1A,AP4E1,ITPR1,IDE,APOE,SEC23B,PICALM,APP,VDAC1,COPE,LRP1,APBA1,PLG,GORASP1,RAB1B,EIF2S1,BIN1,OSBP,COPA,APBA2,SEC16A,SIGMAR1,AP4M1,MAPK14,COPG1,COPB2,GGA1,SAR1A,AP2A1,MAP2K3,SEC24B,ECE1,AP2B1,SEC31A,SORL1,SEC13,SEC24D,AP4S1,PLCG2,GGA2
71,COPB1,AP2A1,SEC13,AP3B2,VDAC1,COPA,SORT1,RAB1A,PREB,SAR1A,SNX4,VPS26A,ITPR2,IDE,ADAM10,SEC24C,HSPA9,NCSTN,COPZ1,VPS29,COPB2,TMED10,HSPA5,COPE,APBA1,EIF2S1,SEC24D,SEC23A,RTN4,AP4M1,TMED2,ITPR1,PLG,VLDLR,SEC31A,BACE1,ABCA7,AP4B1,AP1G1,APBA2,ARF6,CLU,MAPK14,AP4E1,SAR1B,LRP1,COPG1,RTN3,APOE,AP2B1,PSEN1,SORL1,TMED9,MIA3,COPG2,SEC16A,MAPKAPK2,RAB1B,VPS35,PICALM,SREBF2,OSBP,MFN2,SYK,GGA1,BIN1,MAP2K3,SEC24A,SNX6,SEC23B,ADAM17,PLCG2,ECE1,GORASP1,SEC24B,APP,AP4S1,GGA3,SIGMAR1,GGA2
72,SEC23A,BACE1,AP2B1,MAPKAPK2,VPS35,PREB,COPB1,AP3B2,SEC24C,HSPA9,AP2A1,COPB2,HSPA5,AP4B1,SEC13,IDE,SAR1A,SEC24D,VPS29,APBA1,COPA,SAR1B,COPZ1,ABCA7,RTN4,LRP1,EIF2S1,SEC31A,MAP2K3,RTN3,SEC24A,SNX6,COPE,PLG,SORL1,NCSTN,GGA2,BIN1,TMED10,TMED2,ITPR2,GORASP1,ITPR1,GGA3,ARF6,MIA3,PICALM,AP4E1,SYK,MFN2,VPS26A,MAPK14,VLDLR,COPG1,ADAM10,APOE,SREBF2,ECE1,ADAM17,VDAC1,PSEN1,TMED9,CLU,RAB1A,AP4M1,OSBP,SEC23B,COPG2,APBA2,GGA1,AP1G1,SNX4,SIGMAR1,PLCG2,RAB1B,AP4S1,SEC16A,APP,SEC24B,SORT1
73,SNX6,SORT1,ABCA7,SAR1B,SNX4,VPS35,ADAM17,HSPA9,BACE1,MFN2,AP4B1,SORL1,AP3B2,COPE,PICALM,VPS29,VDAC1,GGA3,COPB2,PREB,TMED9,TMED2,MAPKAPK2,ITPR2,COPZ1,SEC24C,VPS26A,HSPA5,RAB1A,AP2B1,SEC13,APBA1,SEC24A,COPA,COPG1,RTN4,ADAM10,SEC23B,SEC31A,AP4E1,CLU,AP2A1,AP4S1,ITPR1,NCSTN,COPB1,BIN1,SEC24D,SAR1A,RTN3,COPG2,AP4M1,SEC23A,GORASP1,SREBF2,GGA2,LRP1,PLG,RAB1B,ARF6,MIA3,VLDLR,TMED10,PSEN1,IDE,APBA2,OSBP,APP,APOE,AP1G1,SYK,EIF2S1,SIGMAR1,ECE1,MAPK14,PLCG2,SEC24B,SEC16A,MAP2K3,GGA1
74,AP2A1,OSBP,RTN4,COPZ1,APBA1,SEC23A,RTN3,TMED9,TMED2,COPB2,SEC31A,VPS26A,SNX6,AP1G1,ADAM10,BIN1,SEC24C,SEC13,SEC23B,HSPA9,AP2B1,TMED10,SAR1B,MAPKAPK2,MFN2,PREB,COPE,APOE,GGA3,AP4S1,SAR1A,CLU,SORL1,PSEN1,AP4B1,AP3B2,SORT1,MAP2K3,COPB1,COPA,SEC24A,NCSTN,VLDLR,RAB1A,BACE1,VDAC1,COPG1,ARF6,MIA3,SYK,SEC24D,IDE,MAPK14,COPG2,ADAM17,PICALM,SREBF2,RAB1B,VPS29,GGA2,GORASP1,SNX4,AP4E1,APP,PLG,ECE1,HSPA5,SEC16A,LRP1,ABCA7,VPS35,EIF2S1,ITPR2,GGA1,AP4M1,SEC24B,SIGMAR1,ITPR1,PLCG2,APBA2
75,SORT1,ADAM17,APBA1,MFN2,SEC23A,SEC24C,RTN4,ADAM10,AP2A1,TMED10,ABCA7,COPE,HSPA9,AP3B2,GGA3,COPA,MIA3,RTN3,AP4B1,TMED9,PSEN1,VPS35,OSBP,RAB1B,SEC24A,AP1G1,ITPR2,LRP1,HSPA5,SEC31A,PLG,AP4E1,SAR1B,NCSTN,SEC13,SNX4,SNX6,SEC24D,SORL1,APOE,SREBF2,MAP2K3,COPB1,VLDLR,VPS26A,SYK,GGA2,SEC16A,CLU,AP2B1,COPB2,VDAC1,MAPKAPK2,TMED2,BIN1,VPS29,PICALM,PREB,SEC23B,BACE1,AP4M1,ECE1,EIF2S1,RAB1A,GORASP1,ARF6,MAPK14,COPZ1,AP4S1,ITPR1,APP,SAR1A,COPG2,SEC24B,COPG1,GGA1,SIGMAR1,IDE,APBA2,PLCG2
76,VPS26A,AP1G1,SNX4,SEC31A,PLG,PICALM,SNX6,VPS35,VDAC1,SEC23B,SEC13,SAR1A,AP2B1,SEC23A,HSPA5,SEC24C,TMED9,TMED2,OSBP,SORL1,ADAM10,RTN3,GGA3,COPZ1,AP4B1,BIN1,VLDLR,AP4E1,ABCA7,TMED10,PREB,VPS29,MIA3,RTN4,AP4S1,AP3B2,LRP1,COPE,COPG2,COPB1,SAR1B,ARF6,MAPK14,BACE1,CLU,APBA2,RAB1B,GGA2,APBA1,PSEN1,ITPR2,MAPKAPK2,NCSTN,IDE,GORASP1,APOE,SREBF2,COPA,AP2A1,RAB1A,SORT1,MAP2K3,ADAM17,MFN2,SEC24A,SYK,COPB2,ECE1,HSPA9,COPG1,EIF2S1,SIGMAR1,PLCG2,AP4M1,ITPR1,APP,SEC16A,SEC24D,SEC24B,GGA1
77,AP3B2,VPS35,OSBP,TMED2,VPS29,LRP1,TMED10,MIA3,SEC31A,COPB1,AP2B1,NCSTN,ABCA7,SEC13,AP2A1,MFN2,RAB1B,PLG,ITPR1,VPS26A,RTN4,GGA2,VDAC1,SEC23B,TMED9,SNX6,SEC23A,COPB2,ARF6,COPE,RTN3,COPZ1,PSEN1,SEC24C,SREBF2,ADAM10,COPG2,BIN1,HSPA5,PREB,IDE,EIF2S1,HSPA9,SNX4,SEC24A,APOE,BACE1,AP4B1,ITPR2,GGA3,SYK,SAR1A,SEC24D,APP,GORASP1,MAPKAPK2,APBA1,VLDLR,AP1G1,MAPK14,ECE1,AP4E1,APBA2,ADAM17,SORL1,MAP2K3,COPG1,SAR1B,SEC16A,AP4S1,SORT1,GGA1,SIGMAR1,AP4M1,COPA,RAB1A,SEC24B,CLU,PLCG2,PICALM
78,SNX4,COPE,COPZ1,CLU,RAB1A,ABCA7,TMED10,VPS35,AP2B1,VPS29,VLDLR,HSPA9,BIN1,RTN4,VPS26A,PICALM,LRP1,IDE,SEC24D,MIA3,SNX6,SAR1B,MFN2,VDAC1,NCSTN,RAB1B,SEC23A,TMED2,COPG1,SORT1,SEC24C,APBA1,AP1G1,AP3B2,SEC31A,SEC16A,COPB2,HSPA5,SEC13,MAPKAPK2,OSBP,COPB1,PREB,SAR1A,ITPR1,SEC23B,PLG,GGA3,MAP2K3,TMED9,GGA2,ADAM10,ARF6,EIF2S1,SEC24A,ITPR2,ADAM17,AP2A1,BACE1,PSEN1,RTN3,SORL1,GORASP1,AP4S1,COPA,AP4E1,SREBF2,MAPK14,APOE,APP,ECE1,COPG2,APBA2,AP4B1,SYK,AP4M1,SEC24B,SIGMAR1,GGA1,PLCG2
79,SNX4,COPB1,COPA,VPS29,SEC24C,PLG,SEC23B,SEC23A,RTN4,RTN3,SNX6,AP4S1,ADAM10,AP2B1,BIN1,ITPR2,VLDLR,SAR1A,ITPR1,SEC31A,VPS35,AP3B2,NCSTN,MFN2,IDE,PSEN1,TMED9,AP4B1,PREB,SEC13,COPE,HSPA9,SEC24D,ARF6,ECE1,GGA3,APOE,COPZ1,AP1G1,VDAC1,TMED10,MIA3,OSBP,AP4E1,APBA1,AP4M1,SAR1B,RAB1A,TMED2,ABCA7,HSPA5,ADAM17,APP,LRP1,SYK,MAPKAPK2,EIF2S1,MAPK14,SREBF2,BACE1,GGA2,COPG1,AP2A1,CLU,SEC24A,RAB1B,SEC16A,COPB2,COPG2,APBA2,VPS26A,SEC24B,SORT1,MAP2K3,SIGMAR1,SORL1,GGA1,PLCG2,PICALM,GORASP1
80,VPS29,AP1G1,AP2A1,SAR1B,ADAM10,BIN1,SORL1,RAB1B,SEC24C,AP4E1,ITPR1,COPZ1,MFN2,AP4S1,APBA1,GGA3,RTN3,COPB1,SNX6,HSPA9,VDAC1,SEC16A,ARF6,NCSTN,RAB1A,TMED2,PREB,SEC23A,SAR1A,VPS35,SEC13,MAPKAPK2,PSEN1,AP4M1,CLU,MAPK14,HSPA5,SNX4,IDE,TMED9,OSBP,PLG,VPS26A,AP2B1,GGA2,LRP1,ABCA7,SREBF2,EIF2S1,SEC31A,SORT1,COPE,VLDLR,ADAM17,SEC23B,TMED10,BACE1,PICALM,RTN4,MAP2K3,SEC24A,AP4B1,COPB2,APOE,AP3B2,SEC24D,SEC24B,COPG1,ITPR2,SYK,GGA1,MIA3,COPA,GORASP1,COPG2,ECE1,APBA2,PLCG2,APP,SIGMAR1
81,AP2A1,VPS35,AP2B1,EIF2S1,TMED10,MAPKAPK2,BACE1,SEC24C,CLU,RAB1A,COPA,SAR1B,COPE,SNX4,AP3B2,LRP1,ABCA7,COPB2,ADAM10,RTN3,PLG,VPS29,ITPR1,SEC23A,VLDLR,SORL1,HSPA9,NCSTN,COPZ1,APBA1,MFN2,TMED2,TMED9,ADAM17,AP4B1,COPB1,VDAC1,PSEN1,SEC13,GGA2,VPS26A,AP1G1,GORASP1,SORT1,AP4E1,HSPA5,SAR1A,MAPK14,SNX6,APBA2,ECE1,GGA3,MIA3,SYK,MAP2K3,RAB1B,SEC24A,SEC23B,SEC31A,COPG2,BIN1,RTN4,PREB,OSBP,IDE,SEC24D,AP4S1,SEC16A,ITPR2,APP,COPG1,PICALM,SIGMAR1,SREBF2,GGA1,APOE,AP4M1,ARF6,SEC24B,PLCG2
82,VLDLR,TMED10,TMED9,VDAC1,NCSTN,HSPA9,SEC23A,MFN2,VPS29,ADAM10,ADAM17,ITPR1,PICALM,SEC24D,SORL1,SEC13,ITPR2,PLG,GGA3,AP4B1,RTN3,ABCA7,SEC31A,SNX4,COPA,SEC24A,AP2B1,LRP1,BIN1,VPS26A,TMED2,RTN4,SORT1,VPS35,HSPA5,PSEN1,OSBP,COPB1,AP4E1,MAPKAPK2,IDE,MAPK14,AP1G1,BACE1,GGA2,COPG2,RAB1B,AP3B2,SREBF2,SEC23B,MIA3,CLU,COPE,SAR1A,APBA2,ECE1,COPG1,COPB2,RAB1A,COPZ1,AP4S1,APOE,PREB,EIF2S1,GORASP1,MAP2K3,SNX6,APP,ARF6,AP4M1,APBA1,SIGMAR1,SEC24C,AP2A1,GGA1,SYK,PLCG2,SEC16A,SAR1B,SEC24B
83,VPS26A,VPS29,SNX6,ADAM10,SORT1,IDE,APOE,SNX4,BIN1,COPZ1,NCSTN,COPA,AP2B1,TMED10,TMED2,COPB2,GGA3,RTN3,AP3B2,APBA1,AP4B1,HSPA9,TMED9,VDAC1,AP1G1,ITPR2,SEC13,RAB1A,APBA2,SEC24A,RAB1B,COPE,AP2A1,SAR1B,SAR1A,GGA2,SEC31A,SREBF2,AP4E1,VPS35,OSBP,LRP1,EIF2S1,MAPK14,VLDLR,PSEN1,MFN2,AP4M1,COPG2,RTN4,ECE1,PLG,COPB1,HSPA5,APP,AP4S1,ITPR1,SEC24B,SEC16A,PREB,ARF6,MAPKAPK2,GORASP1,MIA3,PICALM,SYK,BACE1,ADAM17,COPG1,ABCA7,MAP2K3,SEC24C,SIGMAR1,SEC23A,CLU,SEC23B,GGA1,PLCG2,SORL1,SEC24D
84,AP3B2,AP2B1,AP4E1,SORL1,ARF6,AP4B1,MFN2,HSPA9,HSPA5,PLG,SEC23A,APBA1,NCSTN,SORT1,SEC13,RTN3,VPS29,AP1G1,ITPR1,SNX6,VPS26A,TMED2,OSBP,EIF2S1,AP2A1,SEC24C,AP4S1,SEC31A,VDAC1,PREB,SEC23B,MIA3,VPS35,TMED10,SYK,COPB1,BIN1,MAPK14,TMED9,GGA2,PICALM,BACE1,MAPKAPK2,VLDLR,RAB1B,COPB2,SEC24A,SAR1A,ADAM10,ADAM17,APP,CLU,RTN4,SEC24D,LRP1,COPZ1,SEC16A,IDE,PSEN1,SNX4,ABCA7,ITPR2,GGA3,SAR1B,ECE1,SREBF2,RAB1A,AP4M1,GORASP1,COPG1,MAP2K3,COPG2,COPA,COPE,SEC24B,GGA1,APBA2,SIGMAR1,APOE,PLCG2
85,RAB1A,MAPKAPK2,SEC13,NCSTN,VDAC1,COPB1,TMED9,COPA,OSBP,COPE,SORL1,BACE1,BIN1,AP2B1,SNX6,IDE,AP4E1,ITPR2,TMED10,LRP1,APBA1,MAPK14,VPS35,ITPR1,SEC31A,PLG,SAR1B,AP3B2,RTN4,SAR1A,AP2A1,VPS29,ARF6,SEC24C,EIF2S1,GORASP1,HSPA9,SNX4,ECE1,TMED2,SEC23A,PREB,VPS26A,SEC24D,VLDLR,MIA3,SEC24A,ADAM10,RTN3,MFN2,APOE,HSPA5,SYK,AP4S1,ADAM17,PICALM,GGA3,COPZ1,APBA2,SEC23B,PSEN1,COPG1,COPG2,SEC24B,AP1G1,RAB1B,SIGMAR1,SORT1,AP4B1,APP,MAP2K3,ABCA7,GGA2,COPB2,AP4M1,SREBF2,PLCG2,SEC16A,CLU,GGA1
86,COPB1,PREB,RTN3,HSPA5,SAR1B,SEC24C,COPB2,SEC23A,MFN2,SNX6,SAR1A,COPZ1,ADAM10,SEC31A,SORT1,SNX4,SEC13,COPA,OSBP,ARF6,ITPR1,LRP1,HSPA9,VPS29,TMED2,NCSTN,PLG,MIA3,SEC23B,SREBF2,APBA1,RAB1A,AP4S1,AP3B2,ABCA7,AP2A1,TMED9,VPS26A,GGA3,VPS35,AP1G1,VDAC1,AP4E1,SEC24A,ITPR2,SORL1,BIN1,GGA2,RTN4,EIF2S1,MAPKAPK2,APP,MAP2K3,PICALM,AP4B1,BACE1,SYK,MAPK14,COPE,AP2B1,ADAM17,APBA2,TMED10,GORASP1,IDE,RAB1B,SEC24D,PSEN1,SEC16A,APOE,VLDLR,COPG2,SIGMAR1,GGA1,AP4M1,SEC24B,CLU,COPG1,PLCG2,ECE1
87,BIN1,AP2A1,OSBP,SEC24C,VPS35,SAR1B,NCSTN,SEC13,VPS29,SORL1,SEC31A,EIF2S1,LRP1,COPZ1,SEC23A,PREB,COPB1,PLG,SAR1A,VLDLR,TMED10,ITPR1,RTN3,IDE,RAB1A,COPB2,ITPR2,AP3B2,ABCA7,SYK,SORT1,VPS26A,APBA1,RTN4,AP4S1,COPG1,VDAC1,AP4B1,MFN2,MAPKAPK2,AP2B1,SREBF2,HSPA9,BACE1,ADAM17,AP4E1,ADAM10,GGA3,TMED2,GGA1,AP1G1,MAPK14,PSEN1,SEC24A,TMED9,SEC24D,APOE,MAP2K3,COPE,SNX4,COPG2,RAB1B,ARF6,AP4M1,CLU,MIA3,PICALM,ECE1,COPA,GORASP1,SEC16A,HSPA5,SEC23B,APBA2,APP,SNX6,PLCG2,SEC24B,SIGMAR1,GGA2
88,ADAM10,AP3B2,VPS29,VPS35,BIN1,HSPA5,SEC24D,HSPA9,AP2B1,LRP1,PREB,AP1G1,SNX6,RTN4,TMED10,GGA3,ITPR1,NCSTN,SEC13,AP4B1,MFN2,ADAM17,COPZ1,COPB1,ABCA7,ARF6,APBA1,MIA3,VDAC1,COPE,TMED9,SEC24A,VLDLR,IDE,PICALM,VPS26A,SAR1A,PSEN1,SEC31A,COPB2,CLU,AP4E1,SORT1,RAB1A,MAPK14,RTN3,ITPR2,SEC24C,PLG,OSBP,SORL1,SEC23A,TMED2,COPG1,GORASP1,BACE1,AP4S1,GGA2,MAPKAPK2,SREBF2,APOE,SEC23B,COPA,RAB1B,SYK,SNX4,SAR1B,ECE1,COPG2,EIF2S1,MAP2K3,SEC16A,APP,AP4M1,SEC24B,APBA2,PLCG2,AP2A1,SIGMAR1,GGA1
89,AP2A1,ADAM10,COPG1,SEC13,OSBP,SEC31A,SORT1,PREB,COPE,MFN2,IDE,VDAC1,AP1G1,SEC24C,SAR1A,COPB2,SEC23A,LRP1,VPS29,HSPA9,EIF2S1,HSPA5,VPS35,PLG,MIA3,PICALM,CLU,SEC24D,AP4E1,TMED2,VPS26A,SAR1B,SNX6,RAB1B,AP4S1,AP2B1,RTN3,TMED9,ABCA7,COPZ1,TMED10,COPA,SNX4,APBA1,PSEN1,SREBF2,GGA2,MAP2K3,VLDLR,SEC24A,ITPR1,GORASP1,SYK,MAPK14,RAB1A,MAPKAPK2,BACE1,APOE,SEC23B,ECE1,RTN4,SEC24B,COPG2,SEC16A,COPB1,GGA3,ITPR2,SORL1,BIN1,NCSTN,AP4M1,APP,ARF6,AP3B2,AP4B1,APBA2,ADAM17,GGA1,PLCG2,SIGMAR1
90,AP1G1,VPS35,ADAM17,APBA1,VPS26A,AP2A1,COPZ1,TMED2,MFN2,LRP1,AP4B1,SEC23A,GGA3,TMED9,TMED10,AP4M1,PREB,PLG,HSPA9,VDAC1,SEC31A,VPS29,BIN1,HSPA5,RTN4,MAPKAPK2,SNX6,SNX4,NCSTN,COPB1,OSBP,ABCA7,EIF2S1,VLDLR,AP4E1,ADAM10,SEC24A,SAR1A,SORT1,RAB1A,COPE,ITPR1,COPA,SORL1,AP2B1,BACE1,SEC24C,COPG1,RTN3,PSEN1,APBA2,SREBF2,SAR1B,RAB1B,SYK,ITPR2,COPG2,GGA2,MAP2K3,COPB2,IDE,APOE,MAPK14,ECE1,SEC23B,ARF6,SEC16A,APP,SEC24B,PICALM,MIA3,AP4S1,SEC13,SEC24D,SIGMAR1,AP3B2,CLU,GORASP1,GGA1,PLCG2
91,AP2A1,VPS35,IDE,COPE,AP4B1,APBA1,COPZ1,VPS29,COPB2,AP4S1,VPS26A,SEC24D,SAR1A,AP1G1,SNX6,ITPR1,HSPA9,BIN1,RTN3,RTN4,BACE1,MFN2,GGA3,TMED9,VDAC1,MIA3,PREB,ADAM10,ADAM17,SEC23A,COPG2,LRP1,COPB1,OSBP,EIF2S1,NCSTN,PSEN1,SEC23B,AP4E1,TMED2,RAB1A,SEC13,AP2B1,PICALM,SEC31A,RAB1B,SEC24C,SEC24A,ARF6,HSPA5,TMED10,MAPK14,VLDLR,SYK,SNX4,ITPR2,SORL1,MAPKAPK2,PLG,GGA1,GGA2,APP,CLU,APOE,COPG1,SORT1,SAR1B,SEC16A,ABCA7,ECE1,MAP2K3,SREBF2,SEC24B,GORASP1,COPA,AP3B2,APBA2,SIGMAR1,AP4M1,PLCG2
92,BACE1,PREB,COPB1,SEC24C,MFN2,PLG,SEC23A,TMED10,VLDLR,RTN3,HSPA5,GGA3,AP1G1,CLU,AP2A1,HSPA9,VPS29,VPS35,RTN4,SEC13,APBA1,SORT1,IDE,VPS26A,SNX6,TMED2,SEC24D,NCSTN,SNX4,LRP1,VDAC1,AP4E1,MAPK14,MAPKAPK2,SAR1A,SEC24A,PSEN1,SEC31A,COPG2,COPA,COPB2,COPZ1,TMED9,ARF6,SEC23B,EIF2S1,MIA3,PICALM,MAP2K3,ITPR1,ABCA7,ADAM17,AP4B1,BIN1,AP2B1,AP4M1,AP3B2,APOE,ADAM10,OSBP,SAR1B,GGA2,ITPR2,ECE1,RAB1A,AP4S1,COPG1,SREBF2,SEC24B,COPE,SORL1,SEC16A,APBA2,APP,SYK,RAB1B,GORASP1,PLCG2,GGA1,SIGMAR1
93,NCSTN,HSPA9,TMED2,MFN2,COPA,COPE,OSBP,SNX6,SORT1,SORL1,AP1G1,APBA1,COPZ1,SEC13,COPG1,TMED10,VDAC1,AP2B1,COPB1,SEC23B,ADAM17,BIN1,SAR1A,COPB2,VPS35,BACE1,HSPA5,AP4S1,SEC31A,PREB,TMED9,PLG,VPS26A,SEC23A,VPS29,PICALM,ABCA7,AP4E1,AP4B1,GGA3,MAPK14,AP2A1,ARF6,SEC24D,IDE,ITPR2,APP,VLDLR,PSEN1,LRP1,MIA3,SEC24A,ADAM10,RTN3,CLU,RAB1A,AP3B2,EIF2S1,MAPKAPK2,SEC16A,SEC24C,SAR1B,COPG2,SYK,MAP2K3,SREBF2,GORASP1,GGA2,APOE,RAB1B,AP4M1,ITPR1,GGA1,SNX4,APBA2,RTN4,PLCG2,SEC24B,SIGMAR1,ECE1
94,APBA1,SORL1,AP1G1,VPS26A,NCSTN,SEC13,COPE,LRP1,COPB2,COPG1,SEC31A,ADAM17,SAR1B,ABCA7,TMED9,VLDLR,TMED10,SNX6,MFN2,SAR1A,VPS29,SREBF2,GGA2,SORT1,COPA,SEC24C,AP3B2,OSBP,PLG,RTN3,AP2A1,HSPA5,AP4E1,TMED2,PSEN1,IDE,COPG2,MAPK14,SEC24A,MIA3,AP4B1,PREB,ARF6,AP4S1,BACE1,VPS35,RTN4,COPB1,GGA3,SEC23A,APBA2,VDAC1,BIN1,ADAM10,COPZ1,RAB1B,SEC23B,CLU,SEC24B,EIF2S1,AP2B1,ECE1,SNX4,ITPR2,MAPKAPK2,RAB1A,GORASP1,ITPR1,PICALM,SEC24D,HSPA9,APOE,SEC16A,MAP2K3,SIGMAR1,SYK,AP4M1,GGA1,PLCG2,APP
95,COPG2,COPB1,SEC24D,HSPA9,PICALM,PREB,LRP1,CLU,AP1G1,SNX6,COPA,BACE1,SEC24C,SEC13,SAR1B,MIA3,ADAM17,VPS29,SORT1,RTN4,VPS35,TMED2,ADAM10,NCSTN,BIN1,TMED9,AP2A1,AP4S1,IDE,VPS26A,APBA1,SAR1A,MFN2,APOE,ITPR1,AP4B1,SEC31A,GGA3,MAPKAPK2,SEC23A,VLDLR,ABCA7,TMED10,SREBF2,PLG,PSEN1,GGA2,HSPA5,EIF2S1,COPZ1,MAP2K3,ARF6,SEC24A,OSBP,RAB1A,COPE,AP4E1,AP3B2,COPG1,COPB2,RTN3,VDAC1,APBA2,SORL1,SYK,SIGMAR1,PLCG2,APP,ECE1,ITPR2,RAB1B,GGA1,SEC16A,SEC23B,AP2B1,SEC24B,SNX4,AP4M1,MAPK14,GORASP1
96,SAR1A,AP4S1,CLU,AP1G1,TMED10,VPS29,TMED9,SEC13,COPG1,HSPA5,MIA3,HSPA9,NCSTN,SEC23B,BIN1,ITPR1,APBA1,VDAC1,AP2A1,IDE,AP2B1,ABCA7,ARF6,RAB1A,COPB2,COPZ1,RTN3,SAR1B,PREB,SREBF2,PICALM,VLDLR,LRP1,GGA2,MFN2,ECE1,ADAM10,MAPKAPK2,AP4M1,SNX6,RTN4,ADAM17,SEC23A,SORT1,SEC31A,VPS35,TMED2,VPS26A,PLG,COPA,ITPR2,COPB1,BACE1,RAB1B,SEC24C,EIF2S1,SYK,GORASP1,SEC24D,MAP2K3,MAPK14,SEC24A,AP4E1,OSBP,AP3B2,SORL1,APP,SEC16A,GGA3,PSEN1,APBA2,COPE,SEC24B,SNX4,SIGMAR1,PLCG2,APOE,AP4B1,GGA1,COPG2
97,MFN2,HSPA9,SORT1,ADAM10,COPB1,NCSTN,SEC13,RTN3,COPB2,BIN1,VLDLR,GGA3,ITPR2,VPS35,SNX6,AP1G1,SEC24C,SEC23B,APBA1,RTN4,VDAC1,AP4E1,AP2A1,VPS26A,AP4B1,TMED9,SAR1B,MIA3,TMED10,AP3B2,PREB,EIF2S1,MAPKAPK2,SEC31A,COPZ1,SORL1,VPS29,COPA,SEC23A,PICALM,ABCA7,IDE,SEC24D,RAB1A,SEC24B,APOE,SREBF2,GGA2,LRP1,ADAM17,AP4S1,OSBP,ECE1,ITPR1,COPE,COPG1,BACE1,APBA2,SAR1A,SEC24A,PLG,SYK,PSEN1,MAPK14,AP2B1,GORASP1,CLU,SIGMAR1,SNX4,SEC16A,APP,COPG2,GGA1,ARF6,MAP2K3,HSPA5,RAB1B,TMED2,AP4M1,PLCG2
98,ADAM10,AP1G1,VPS29,RTN4,OSBP,COPE,BIN1,GGA3,MFN2,AP4B1,VDAC1,HSPA9,TMED9,PLG,TMED10,SEC23A,SNX6,PREB,AP4S1,COPB2,ARF6,MIA3,COPA,RAB1A,RTN3,SORL1,SEC24C,TMED2,IDE,COPZ1,ITPR1,AP4E1,ADAM17,SEC24D,SAR1A,SAR1B,LRP1,AP2B1,AP2A1,APBA1,EIF2S1,BACE1,NCSTN,SEC31A,VPS35,COPB1,SEC13,MAPKAPK2,SORT1,SEC23B,SNX4,ABCA7,VLDLR,SREBF2,GGA1,ITPR2,APBA2,VPS26A,PICALM,SEC16A,SYK,GORASP1,GGA2,MAPK14,HSPA5,RAB1B,ECE1,AP4M1,MAP2K3,APOE,COPG1,PLCG2,COPG2,SEC24B,SEC24A,SIGMAR1,CLU,PSEN1,APP,AP3B2
99,AP2B1,AP2A1,COPE,COPB2,HSPA9,HSPA5,CLU,RAB1B,AP4B1,RTN4,TMED9,AP3B2,SAR1B,VDAC1,AP4E1,TMED2,ABCA7,OSBP,RTN3,GGA3,NCSTN,IDE,MAPKAPK2,SEC23B,COPA,AP1G1,COPB1,SEC24C,VPS35,ADAM10,SEC23A,ECE1,PSEN1,PREB,COPZ1,AP4S1,SEC13,MAPK14,APBA1,LRP1,SEC31A,VPS29,PLG,MIA3,ADAM17,BACE1,GGA2,ITPR1,SORL1,EIF2S1,BIN1,ITPR2,VLDLR,APP,RAB1A,PICALM,TMED10,MFN2,SYK,SEC16A,GORASP1,SREBF2,APBA2,ARF6,COPG2,SIGMAR1,APOE,MAP2K3,SEC24B,SEC24A,SORT1,SNX6,SEC24D,PLCG2,SNX4,COPG1,VPS26A,GGA1,SAR1A,AP4M1
