region,depth,n_listed,n_usable,auroc,null_usable,z_fixed,p_fixed,z_orig,q_orig,q_fixed,strong_fixed
PlaqueTotal > 13.5 (high third)  AND  CERAD = 3,2,50,50,0.59796,0.56943,2.38947,0.01493,2.39311,0.4822,0.5237,False
celltype_microglia > 0.00693 (upper half)  AND  apoeGenotype = e3-3,2,44,44,0.59733,0.56628,2.25567,0.0199,2.29857,0.4822,0.5237,False
apoeGenotype = e3-3  AND  celltype_neuron <= -1.75e-05 (lower half),2,41,41,0.59657,0.56628,2.2004,0.0199,2.24478,0.4822,0.5237,False
celltype_microglia > 0.00693 (upper half)  AND  diagnosis = control,2,45,45,0.59124,0.56628,1.81329,0.03483,1.86801,0.4822,0.5237,False
celltype_endothelial > 0.125 (high third),1,63,63,0.5876,0.56789,1.66009,0.05473,1.80812,0.4822,0.5237,False
celltype_microglia > 0.00693 (upper half)  AND  ageDeath > 86 (upper half),2,42,42,0.58991,0.56628,1.7164,0.04478,1.7737,0.4822,0.5237,False
celltype_microglia > 0.00693 (upper half)  AND  TangleTotal <= 8 (lower half),2,40,40,0.58988,0.56628,1.71465,0.04478,1.772,0.4822,0.5237,False
apoeGenotype = e3-3  AND  CERAD = 3,2,44,44,0.58936,0.56628,1.67654,0.04975,1.73491,0.4822,0.5237,False
celltype_microglia > 0.00693 (upper half)  AND  celltype_astrocyte <= 0.00686 (lower half),2,47,47,0.58932,0.56943,1.66552,0.0597,1.71073,0.4822,0.5237,False
celltype_endothelial > 0.125 (high third)  AND  PlaqueTotal > 12.1 (upper half),2,41,41,0.58785,0.56628,1.5672,0.05473,1.62849,0.4822,0.5237,False
PlaqueTotal > 13.5 (high third)  AND  diagnosis = Alzheimer Disease,2,46,46,0.58818,0.56943,1.57018,0.07463,1.62086,0.4822,0.5237,False
sex = female  AND  TangleTotal <= 8 (lower half),2,45,45,0.58768,0.56628,1.5545,0.05473,1.61613,0.4822,0.5237,False
celltype_endothelial > 0.125 (high third)  AND  CERAD = 3,2,41,41,0.58762,0.56628,1.55024,0.05473,1.61198,0.4822,0.5237,False
celltype_microglia > 0.00693 (upper half),1,95,95,0.58817,0.57602,1.314,0.0995,1.59274,0.4822,0.56536,False
sex = female  AND  diagnosis = control,2,44,44,0.58661,0.56628,1.47728,0.0597,1.54096,0.4822,0.5237,False
PlaqueTotal > 13.5 (high third)  AND  TangleTotal > 8 (upper half),2,46,46,0.58715,0.56943,1.4836,0.0796,1.53925,0.4822,0.5237,False
sex = female  AND  CERAD = 3,2,41,40,0.58646,0.56628,1.46614,0.0597,1.53012,0.4822,0.5237,False
apoeGenotype = e3-3,1,92,92,0.58737,0.57456,1.38983,0.07463,1.51532,0.4822,0.5237,False
apoeGenotype = e3-3  AND  ageDeath <= 86 (lower half),2,44,44,0.58488,0.56628,1.35168,0.0796,1.41873,0.4822,0.5237,False
celltype_microglia > 0.00693 (upper half)  AND  pmi <= 3 (lower half),2,59,59,0.58322,0.56789,1.29086,0.10448,1.38757,0.4822,0.56781,False
apoeGenotype = e3-3  AND  celltype_astrocyte <= 0.00686 (lower half),2,51,51,0.58493,0.56943,1.29821,0.10945,1.3645,0.4822,0.57007,False
celltype_endothelial > 0.125 (high third)  AND  celltype_neuron <= -1.75e-05 (lower half),2,43,43,0.58375,0.56628,1.26932,0.09453,1.33857,0.4822,0.56536,False
celltype_microglia > 0.00693 (upper half)  AND  celltype_neuron <= -1.75e-05 (lower half),2,59,59,0.58265,0.56789,1.24282,0.12438,1.33285,0.4822,0.59797,False
celltype_microglia > 0.00693 (upper half)  AND  PlaqueTotal <= 12.1 (lower half),2,42,42,0.58353,0.56628,1.25291,0.0995,1.32259,0.4822,0.56536,False
PlaqueTotal > 13.5 (high third)  AND  lastMMSE <= 25 (lower half),2,47,47,0.5839,0.56943,1.21211,0.12438,1.28334,0.48756,0.59797,False
sex = female,1,81,80,0.58501,0.57179,1.34308,0.07463,1.25029,0.49254,0.5237,False
PlaqueTotal > 13.5 (high third),1,55,55,0.58139,0.56789,1.13715,0.14925,1.21249,0.4822,0.62189,False
apoeGenotype = e3-3  AND  pmi <= 3 (lower half),2,57,57,0.58121,0.56789,1.12157,0.15423,1.19475,0.4822,0.62189,False
sex = female  AND  lastMMSE > 25 (upper half),2,41,41,0.58108,0.56628,1.07512,0.12935,1.14955,0.56202,0.59886,False
celltype_microglia > 0.00693 (upper half)  AND  celltype_endothelial > -0.0477 (upper half),2,53,53,0.58216,0.56943,1.06572,0.1592,1.14535,0.5662,0.62189,False
apoeGenotype = e3-3  AND  celltype_oligodendrocyte <= -0.129 (lower half),2,47,47,0.58206,0.56943,1.05744,0.16418,1.13755,0.5681,0.62189,False
celltype_oligodendrocyte > 0.276 (high third),1,63,62,0.58036,0.56789,1.0499,0.1791,1.11312,0.56418,0.6387,False
celltype_endothelial > 0.125 (high third)  AND  lastMMSE <= 25 (lower half),2,43,43,0.57993,0.56628,0.9915,0.1592,1.06816,0.57155,0.62189,False
Braak = 4,1,57,57,0.57972,0.56789,0.99615,0.18408,1.0519,0.56988,0.6387,False
sex = female  AND  celltype_oligodendrocyte <= -0.129 (lower half),2,43,43,0.57892,0.56628,0.91819,0.17413,0.99681,0.57865,0.6387,False
CERAD = 3,1,106,105,0.5853,0.57602,1.00356,0.14925,0.99671,0.57865,0.62189,False
lastMMSE <= 25 (lower half),1,99,98,0.58323,0.57602,0.77946,0.19403,0.9956,0.57313,0.6387,False
apoeGenotype = e3-3  AND  celltype_endothelial > -0.0477 (upper half),2,45,45,0.57815,0.56628,0.86259,0.20398,0.94269,0.57865,0.6387,False
celltype_astrocyte <= -0.218 (low third),1,64,64,0.57835,0.56789,0.88079,0.20896,0.92052,0.57865,0.6387,False
apoeGenotype = e3-3  AND  celltype_oligodendrocyte > -0.129 (upper half),2,45,45,0.57761,0.56628,0.82329,0.20896,0.90444,0.62687,0.6387,False
sex = female  AND  ageDeath > 86 (upper half),2,45,44,0.57679,0.56628,0.7636,0.21891,0.84634,0.64179,0.6387,False
apoeGenotype = e3-3  AND  celltype_astrocyte > 0.00686 (upper half),2,41,41,0.57671,0.56628,0.75772,0.22388,0.84062,0.64179,0.6387,False
apoeGenotype = e3-3  AND  celltype_endothelial <= -0.0477 (lower half),2,47,47,0.57774,0.56943,0.69591,0.25373,0.79678,0.65098,0.6387,False
celltype_microglia > 0.00693 (upper half)  AND  celltype_oligodendrocyte <= -0.129 (lower half),2,42,42,0.57595,0.56628,0.70283,0.23383,0.7872,0.65098,0.6387,False
celltype_microglia > 0.00693 (upper half)  AND  celltype_oligodendrocyte > -0.129 (upper half),2,53,53,0.57718,0.56943,0.64945,0.26368,0.75298,0.65098,0.6387,False
TangleTotal 6-11.8 (middle third),1,63,62,0.57647,0.56789,0.72276,0.24378,0.74052,0.65098,0.6387,False
sex = female  AND  pmi <= 3 (lower half),2,50,49,0.57676,0.56943,0.61368,0.26368,0.71927,0.65098,0.6387,False
celltype_astrocyte <= 0.00686 (lower half),1,95,95,0.58089,0.57602,0.52656,0.27861,0.7131,0.65098,0.6387,False
celltype_neuron > 0.187 (high third),1,63,63,0.57595,0.56789,0.67873,0.24876,0.69037,0.65098,0.6387,False
celltype_microglia > 0.00693 (upper half)  AND  lastMMSE <= 25 (lower half),2,56,56,0.57576,0.56789,0.66313,0.24876,0.67261,0.65098,0.6387,False
celltype_microglia > 0.00693 (upper half)  AND  PlaqueTotal > 12.1 (upper half),2,53,53,0.57561,0.56943,0.51771,0.29353,0.6288,0.65821,0.6387,False
PlaqueTotal > 12.1 (upper half),1,95,94,0.58014,0.57456,0.60565,0.27861,0.62239,0.65098,0.6387,False
PlaqueTotal > 13.5 (high third)  AND  TangleTotal > 11.8 (high third),2,40,40,0.57349,0.56628,0.52355,0.30348,0.61271,0.65098,0.6387,False
sex = female  AND  celltype_astrocyte <= 0.00686 (lower half),2,43,43,0.57324,0.56628,0.50572,0.30846,0.59534,0.65821,0.6387,False
apoeGenotype = e3-3  AND  ageDeath > 86 (upper half),2,48,48,0.57475,0.56943,0.44575,0.30348,0.56097,0.65821,0.6387,False
celltype_neuron -0.147-0.187 (middle third),1,63,62,0.57434,0.56789,0.54311,0.28856,0.53591,0.65821,0.6387,False
pmi <= 3 (lower half),1,117,116,0.58042,0.57689,0.50155,0.30846,0.48716,0.65821,0.6387,False
celltype_microglia > 0.00693 (upper half)  AND  celltype_neuron <= -0.147 (low third),2,44,44,0.57153,0.56628,0.38167,0.36816,0.47462,0.65821,0.6387,False
celltype_microglia > 0.00693 (upper half)  AND  ageDeath <= 86 (lower half),2,53,53,0.57333,0.56943,0.32709,0.34328,0.44912,0.65821,0.6387,False
PlaqueTotal > 13.5 (high third)  AND  celltype_neuron <= -1.75e-05 (lower half),2,42,42,0.57116,0.56628,0.35449,0.37313,0.44816,0.65821,0.6387,False
lastMMSE > 28 (high third),1,48,48,0.5732,0.56943,0.31566,0.34826,0.43835,0.65821,0.6387,False
celltype_microglia <= -0.272 (low third),1,64,63,0.57332,0.56789,0.45708,0.31343,0.43792,0.65821,0.6387,False
apoeGenotype = e3-3  AND  PlaqueTotal <= 12.1 (lower half),2,56,56,0.57324,0.56789,0.4507,0.31343,0.43065,0.65821,0.6387,False
ageDeath <= 82 (low third),1,73,73,0.57517,0.57023,0.47443,0.31841,0.42486,0.65821,0.6387,False
pmi <= 2.5 (low third),1,65,64,0.57291,0.56789,0.42296,0.33831,0.39906,0.65821,0.6387,False
apoeGenotype = e3-3  AND  diagnosis = control,2,63,63,0.57288,0.56789,0.41983,0.33831,0.39549,0.65821,0.6387,False
apoeGenotype = e3-3  AND  TangleTotal <= 6 (low third),2,40,40,0.57004,0.56628,0.27317,0.41294,0.36901,0.65821,0.65338,False
celltype_neuron > -1.75e-05 (upper half),1,95,94,0.57774,0.57456,0.34483,0.37313,0.33178,0.65821,0.6387,False
celltype_microglia > 0.252 (high third),1,63,63,0.57211,0.56789,0.35546,0.36816,0.32218,0.65821,0.6387,False
celltype_microglia > 0.00693 (upper half)  AND  CERAD = 3,2,60,60,0.57203,0.56789,0.34846,0.36816,0.31421,0.65821,0.6387,False
celltype_microglia > 0.00693 (upper half)  AND  TangleTotal > 8 (upper half),2,55,55,0.57203,0.56789,0.34834,0.36816,0.31407,0.65821,0.6387,False
sex = female  AND  PlaqueTotal <= 12.1 (lower half),2,47,47,0.57157,0.56943,0.17913,0.40796,0.30966,0.65821,0.65338,False
PlaqueTotal 8-13.5 (middle third),1,69,68,0.57368,0.57023,0.33103,0.36318,0.27438,0.65821,0.6387,False
ageDeath > 88 (high third),1,63,62,0.57147,0.56789,0.30157,0.37811,0.2608,0.65821,0.6387,False
pmi 2.5-3.25 (middle third),1,66,66,0.5733,0.57023,0.29494,0.37811,0.23651,0.65821,0.6387,False
celltype_oligodendrocyte <= -0.129 (lower half),1,95,95,0.57687,0.57602,0.09202,0.49751,0.22768,0.65821,0.73895,False
celltype_astrocyte > 0.213 (high third),1,63,62,0.57108,0.56789,0.26863,0.39801,0.22328,0.65821,0.65338,False
ageDeath > 86 (upper half),1,86,85,0.57671,0.57179,0.49985,0.32338,0.21396,0.65821,0.6387,False
celltype_microglia > 0.00693 (upper half)  AND  sex = male,2,57,57,0.57074,0.56789,0.23995,0.41294,0.19062,0.65821,0.65338,False
lastMMSE <= 18 (low third),1,67,67,0.57255,0.57023,0.22238,0.39303,0.16037,0.67112,0.65338,False
apoeGenotype = e3-3  AND  TangleTotal <= 8 (lower half),2,62,62,0.57035,0.56789,0.20714,0.42289,0.15324,0.65821,0.66076,False
sex = female  AND  lastMMSE <= 25 (lower half),2,40,39,,0.56628,,,0.13848,0.67112,,False
celltype_microglia > 0.00693 (upper half)  AND  celltype_endothelial <= -0.0477 (lower half),2,42,42,0.56623,0.56628,-0.00367,0.53731,0.09956,0.67112,0.75857,False
sex = female  AND  celltype_neuron <= -1.75e-05 (lower half),2,43,43,0.56618,0.56628,-0.00685,0.54229,0.09647,0.67112,0.75857,False
apoeGenotype = e3-3  AND  lastMMSE 18-28 (middle third),2,41,41,0.56603,0.56628,-0.01837,0.54726,0.08525,0.67112,0.75857,False
TangleTotal <= 8 (lower half),1,98,98,0.57558,0.57602,-0.04785,0.55224,0.07143,0.71741,0.75857,False
sex = female  AND  celltype_endothelial > -0.0477 (upper half),2,50,50,0.56852,0.56943,-0.07639,0.51741,0.0688,0.71333,0.75205,False
celltype_oligodendrocyte > -0.129 (upper half),1,95,94,0.57555,0.57456,0.10825,0.45274,0.06817,0.71741,0.69867,False
celltype_microglia > 0.00693 (upper half)  AND  lastMMSE <= 18 (low third),2,42,42,0.56516,0.56628,-0.08105,0.56219,0.02424,0.69247,0.76384,False
celltype_oligodendrocyte -0.462-0.276 (middle third),1,63,63,0.56829,0.56789,0.03333,0.48756,-0.04471,0.71741,0.73895,False
celltype_microglia > 0.00693 (upper half)  AND  diagnosis = Alzheimer Disease,2,50,50,0.5668,0.56943,-0.21984,0.58209,-0.06641,0.73471,0.77406,False
apoeGenotype = e3-3  AND  lastMMSE > 25 (upper half),2,56,56,0.56788,0.56789,-0.00133,0.50249,-0.0842,0.72331,0.73895,False
TangleTotal > 8 (upper half),1,92,91,0.57424,0.57456,-0.03454,0.50249,-0.08761,0.72907,0.73895,False
ageDeath <= 86 (lower half),1,104,104,0.5741,0.57602,-0.20855,0.62189,-0.10808,0.74139,0.77582,False
celltype_endothelial > -0.0477 (upper half),1,95,95,0.57382,0.57602,-0.2384,0.62687,-0.14142,0.74139,0.77582,False
celltype_neuron <= -1.75e-05 (lower half),1,95,95,0.57376,0.57602,-0.24484,0.62687,-0.14862,0.74139,0.77582,False
diagnosis = Alzheimer Disease,1,90,89,0.57341,0.57456,-0.12418,0.52736,-0.1885,0.74139,0.75771,False
apoeGenotype = e3-3  AND  sex = male,2,53,53,0.56499,0.56943,-0.37185,0.65672,-0.20969,0.74139,0.7915,False
diagnosis = control,1,100,100,0.57308,0.57602,-0.31868,0.63682,-0.2311,0.74139,0.78041,False
celltype_neuron <= -0.147 (low third),1,64,64,0.56631,0.56789,-0.13343,0.57214,-0.23465,0.74139,0.769,False
celltype_microglia > 0.00693 (upper half)  AND  celltype_astrocyte > 0.00686 (upper half),2,48,48,0.56447,0.56943,-0.4155,0.67164,-0.25084,0.74139,0.7915,False
celltype_endothelial <= -0.261 (low third),1,64,63,0.56613,0.56789,-0.14831,0.59204,-0.2516,0.74139,0.77582,False
celltype_microglia -0.272-0.252 (middle third),1,63,63,0.5659,0.56789,-0.1676,0.59701,-0.27357,0.74139,0.77582,False
apoeGenotype = e3-3  AND  celltype_neuron > -1.75e-05 (upper half),2,51,51,0.56406,0.56943,-0.44912,0.68159,-0.28253,0.75224,0.7915,False
TangleTotal <= 6 (low third),1,64,64,0.56503,0.56789,-0.24129,0.62687,-0.3575,0.74139,0.77582,False
celltype_endothelial <= -0.0477 (lower half),1,95,94,0.57187,0.57456,-0.29172,0.61194,-0.37748,0.75697,0.77582,False
PlaqueTotal <= 12.1 (lower half),1,95,95,0.57165,0.57602,-0.47282,0.68159,-0.40329,0.76036,0.7915,False
sex = female  AND  celltype_microglia <= 0.00693 (lower half),2,43,42,0.55808,0.56628,-0.59564,0.75622,-0.47661,0.76036,0.84138,False
ageDeath 82-88 (middle third),1,54,54,0.55963,0.56943,-0.82013,0.79104,-0.63224,0.80194,0.84138,False
pmi > 3.25 (high third),1,59,59,0.56187,0.56789,-0.50681,0.68159,-0.65992,0.8231,0.7915,False
apoeGenotype = e3-3  AND  celltype_microglia <= 0.00693 (lower half),2,48,48,0.55899,0.56943,-0.87413,0.801,-0.68314,0.80194,0.84138,False
apoeGenotype = e3-4,1,62,62,0.56163,0.56789,-0.52724,0.68657,-0.68319,0.8231,0.7915,False
Braak = 5,1,48,47,0.55892,0.56943,-0.87975,0.801,-0.68844,0.80194,0.84138,False
celltype_microglia > 0.00693 (upper half)  AND  TangleTotal > 11.8 (high third),2,41,41,0.55482,0.56628,-0.8322,0.81592,-0.70685,0.8231,0.84992,False
celltype_astrocyte -0.218-0.213 (middle third),1,63,63,0.56114,0.56789,-0.56893,0.69652,-0.73067,0.83222,0.7915,False
sex = male,1,109,109,0.57131,0.57631,-0.65874,0.76617,-0.7428,0.81157,0.84138,False
pmi > 3 (upper half),1,73,73,0.56235,0.57023,-0.75721,0.75124,-0.86754,0.84118,0.84138,False
apoeGenotype = e3-3  AND  PlaqueTotal <= 8 (low third),2,40,40,0.55236,0.56628,-1.01107,0.86567,-0.88094,0.84467,0.88986,False
celltype_astrocyte > 0.00686 (upper half),1,95,94,0.56768,0.57456,-0.74524,0.78109,-0.88281,0.86716,0.84138,False
lastMMSE 18-28 (middle third),1,75,74,0.56427,0.57023,-0.57292,0.69154,-0.93425,0.84811,0.7915,False
celltype_oligodendrocyte <= -0.462 (low third),1,64,64,0.55851,0.56789,-0.79014,0.78607,-0.98263,0.87554,0.84138,False
TangleTotal > 11.8 (high third),1,63,63,0.55782,0.56789,-0.84879,0.79104,-1.04943,0.88892,0.84138,False
lastMMSE > 25 (upper half),1,91,91,0.56482,0.57456,-1.05566,0.87065,-1.23675,0.90717,0.88986,False
celltype_microglia <= 0.00693 (lower half),1,95,94,0.56423,0.57456,-1.12015,0.89552,-1.30055,0.91272,0.90274,False
PlaqueTotal <= 8 (low third),1,66,66,0.55763,0.57023,-1.21022,0.87562,-1.3429,0.91272,0.88986,False
celltype_endothelial -0.261-0.125 (middle third),1,63,63,0.54695,0.56789,-1.76377,0.95522,-2.09156,0.98507,0.95522,False
