,ABCA7,ADAM10,ADAM17,AP1G1,AP2A1,AP2B1,AP3B2,AP4B1,AP4E1,AP4M1,AP4S1,APBA1,APBA2,APOE,APP,ARF6,BACE1,BIN1,CLU,COPA,COPB1,COPB2,COPE,COPG1,COPG2,COPZ1,ECE1,EIF2S1,GGA1,GGA2,GGA3,GORASP1,HSPA5,HSPA9,IDE,ITPR1,ITPR2,LRP1,MAP2K3,MAPK14,MAPKAPK2,MFN2,MIA3,NCSTN,OSBP,PICALM,PLCG2,PLG,PREB,PSEN1,RAB1A,RAB1B,RTN3,RTN4,SAR1A,SAR1B,SEC13,SEC16A,SEC23A,SEC23B,SEC24A,SEC24B,SEC24C,SEC24D,SEC31A,SIGMAR1,SNX4,SNX6,SORL1,SORT1,SREBF2,SYK,TMED10,TMED2,TMED9,VDAC1,VLDLR,VPS26A,VPS29,VPS35
ABCA7,0.0,0.0,0.0,0.0,0.0,0.0,0.0,0.0,0.0,0.0,0.0,0.0,0.0714139835931068,0.029731886276189542,0.13298749204067598,0.0,0.0006328518041807309,0.0,0.06538425002439008,0.0,0.0,0.0,0.0,0.0,0.0,0.0,0.0,0.0,0.0,0.0,0.0,0.020030160843803123,0.0,0.0,0.0,0.0,0.0,0.0,0.0,0.0,0.0,0.0,0.0,0.0,0.0,0.059100330077225496,0.0,0.0,0.0,0.0,0.0,0.0,0.0,0.0,0.0,0.0,0.0,0.0,0.0,0.0,0.0,0.0,0.0,0.0,0.0,0.0,0.0,0.0,0.007495621077311371,0.08943399605392767,0.0,0.0,0.0,0.0,0.0,0.0,0.0,0.0,0.0,0.0
ADAM10,0.023361915126715073,0.0,0.0,0.0,0.0,0.0,0.0,0.0,0.0,0.0,0.0,0.0,0.0,0.03457402371176168,0.25149931566504913,0.0,0.0,0.0,0.0,0.0,0.0,0.0,0.0,0.0,0.0,0.0,0.0,0.0,0.0,0.0,0.0,0.0,0.0,0.0,0.03454167333226684,0.0,0.0,0.07676958353330134,0.0,0.0,0.0,0.0,0.0,0.0700360831155904,0.0,0.01602872429300201,0.0,0.0,0.0,0.11580760411667466,0.0,0.0,0.0,0.0,0.0,0.0,0.0,0.0,0.0,0.0,0.0,0.0,0.0,0.0,0.0,0.0,0.0,0.0,0.0,0.0,0.0,0.0,0.0,0.0,0.0,0.1877459606462966,0.0,0.0,0.0,0.0
ADAM17,0.0,0.03822037362910824,0.0,0.0,0.0,0.0,0.0,0.0,0.0,0.0,0.0,0.033334399829360636,0.0425521249933344,0.0,0.0,0.0,0.0,0.0,0.0,0.0,0.0,0.0,0.0,0.0,0.0,0.0,0.0,0.0,0.0,0.0,0.0,0.08612321644107862,0.0,0.0,0.0,0.0,0.0,0.0,0.0,0.06089757610374543,0.0,0.0,0.0,0.0,0.0,0.0,0.0,0.0,0.0,0.006000462148278499,0.0,0.0,0.0,0.0,0.0,0.0,0.0,0.0,0.0,0.0,0.0,0.0,0.0,0.0,0.0,0.0,0.0,0.0,0.0,0.0,0.0,0.0,0.0,0.0,0.0,0.0,0.0,0.0,0.0,0.0
AP1G1,0.0,0.0,0.0,0.0,0.27117154588599157,0.0,0.0,0.0,0.041358528963214,0.22856070339210352,0.04788778063256538,0.0,0.0,0.0,0.0,0.0,0.0,0.0,0.0,0.0,0.006928669190707265,0.0,0.0,0.0,0.0,0.0,0.0,0.0,0.06909294512877939,0.0,0.013890044259585132,0.0,0.0,0.0,0.0,0.0,0.0,0.0,0.0,0.0,0.0,0.0,0.0,0.0,0.0,0.1775801205140511,0.0,0.0,0.0,0.0,0.0,0.0,0.0,0.0,0.0,0.0,0.0,0.0,0.0,0.0,0.0,0.016914982491690222,0.0,0.0,0.0,0.0,0.0,0.0,0.0,0.1324374766703994,0.0,0.0,0.0,0.0,0.0,0.0,0.0,0.0,0.0,0.09508949679162446
AP2A1,0.0,0.0,0.0,0.0,0.0,0.0,0.0,0.0,0.02980023926964123,0.1892172732643114,0.010267625220526686,0.0,0.0,0.0,0.06473488686254644,0.12101103823388257,0.082296944014722,0.0,0.0,0.0,0.030343944968804992,0.0,0.0,0.0,0.0,0.0,0.0,0.0,0.0,0.0,0.0,0.0,0.0,0.0,0.0,0.0,0.0,0.0,0.0,0.0,0.0,0.0,0.0,0.0,0.0,0.19086368403277698,0.0,0.0,0.0,0.0,0.0,0.0,0.0,0.0,0.0,0.0,0.0,0.0,0.0,0.0,0.0,0.0,0.0,0.0,0.0,0.0,0.0,0.0,0.0,0.0,0.0,0.0,0.0,0.0,0.0,0.0,0.0,0.0,0.0,0.0
AP2B1,0.0,0.0,0.0,0.24244298689987379,0.843390390870794,0.0,0.0,0.0,0.0,0.28881176118680907,0.004703321994875046,0.0,0.0,0.0,0.042952772000924296,0.15116514690982777,0.0,0.0,0.0,0.0,0.0,0.0,0.0,0.009835937361133331,0.03389039975826091,0.07074281448301604,0.0,0.0,0.0,0.0,0.07472297765690823,0.0,0.0,0.0,0.0,0.0,0.0,0.0,0.0,0.0,0.0,0.0,0.0,0.0,0.0,0.29352281412751735,0.0,0.0,0.0,0.0,0.0,0.0,0.0,0.0,0.0,0.0,0.0,0.0,0.0,0.0,0.0,0.0,0.11328320802005012,0.0,0.0,0.0,0.0,0.0,0.0,0.0,0.0,0.0,0.0,0.0,0.0,0.0,0.022069002292966457,0.0,0.0,0.0
AP3B2,0.0,0.0,0.0,0.20123073641550684,0.3817565189569669,0.3775139977603583,0.0,0.04818149038068475,0.031045788438698645,0.0,0.02142198156284837,0.0,0.0,0.0,0.017686059119429783,0.0,0.0,0.0,0.0,0.0,0.0,0.0,0.0,0.0,0.0,0.0,0.0,0.0,0.0,0.0,0.0,0.0,0.0,0.0,0.0,0.0,0.0,0.0,0.0,0.0,0.0,0.0,0.0,0.0,0.0,0.0,0.0,0.0,0.0,0.0,0.0,0.0,0.0,0.0,0.0,0.0,0.0,0.0,0.0,0.0,0.0,0.0,0.0,0.0,0.0,0.0,0.0,0.0,0.0,0.0,0.0,0.0,0.0,0.0,0.0,0.0,0.0,0.0,0.0,0.0
AP4B1,0.0,0.0,0.0,0.08077379615782516,0.07404609544116059,0.0658996644902032,0.0,0.0,0.0,0.0,0.05320438766388781,0.0,0.0,0.0,0.014929683247014616,0.0,0.0,0.0,0.0,0.0,0.0,0.0,0.0,0.0,0.0,0.01938651495679518,0.0,0.0,0.0,0.0,0.0,0.0,0.0,0.0,0.0,0.0,0.0,0.0,0.0,0.0,0.0,0.0,0.0,0.0,0.0,0.0,0.0,0.0,0.0,0.0,0.0,0.0,0.0,0.0,0.0,0.0,0.0,0.0,0.0,0.0,0.0,0.0,0.0,0.0,0.0,0.0,0.0,0.0,0.0,0.0,0.0,0.0,0.0,0.0,0.0,0.0,0.0,0.0,0.0,0.0
AP4E1,0.0,0.0,0.0,0.0,0.0,0.05446519236871246,0.0,0.3022905965679613,0.0,0.1694939336234506,0.0,0.0,0.0,0.0,0.0,0.0,0.0,0.0,0.0,0.0,0.0,0.0,0.0,0.0,0.0,0.0024216037821020325,0.0,0.0,0.0,0.0,0.0,0.0,0.0,0.0,0.0,0.0,0.0,0.0,0.0,0.0,0.0,0.0,0.0,0.0,0.0,0.0,0.0,0.0,0.0,0.0,0.0,0.0,0.0,0.0,0.0,0.0,0.0,0.0,0.0,0.0,0.0,0.0,0.0,0.0,0.0,0.0,0.0,0.0,0.0,0.06129995508090645,0.0,0.0,0.0,0.0,0.0,0.0,0.0,0.0,0.0,0.0
AP4M1,0.0,0.0,0.0,0.0,0.0,0.0,0.008304333829047513,0.10048502866394728,0.0,0.0,0.0,0.0,0.0,0.0,0.028867518646757323,0.0,0.0,0.0,0.0,0.0,0.0,0.0,0.0,0.0,0.0,0.0,0.0,0.0,0.0,0.0,0.0,0.0,0.0,0.0,0.0,0.0,0.0,0.0,0.0,0.0,0.0,0.0,0.0,0.0,0.0,0.07363650523978305,0.0,0.0,0.0,0.0,0.0,0.0,0.0,0.0,0.0,0.0,0.0,0.0,0.0,0.0,0.0,0.0,0.0,0.0,0.0,0.0,0.0,0.0,0.0,0.0,0.0,0.0,0.0,0.0,0.0,0.0,0.0,0.0,0.0,0.0
AP4S1,0.0,0.0,0.0,0.0,0.0,0.0,0.0,0.0,0.03570400608917418,0.05452563975424738,0.0,0.0,0.0,0.0,0.0,0.0,0.0,0.0,0.0,0.0,0.0,0.0,0.0,0.0,0.0,0.0,0.0,0.0,0.0,0.0,0.0,0.0,0.0,0.0,0.0,0.0,0.0,0.0,0.0,0.0,0.0,0.0,0.0,0.0,0.0,0.0,0.0,0.0,0.0,0.0,0.0,0.0,0.0,0.0,0.0,0.0,0.0,0.0,0.0,0.0,0.0,0.0,0.0,0.0,0.0,0.0,0.0,0.0,0.0,0.0,0.0,0.0,0.0,0.0,0.0,0.0,0.0,0.0,0.0,0.0
APBA1,0.03473152381521374,0.0,0.0,0.0,0.0,0.0,0.0,0.0,0.0,0.0,0.0,0.0,0.1670843776106934,0.0,0.0,0.0,0.033024245001007806,0.0,0.0,0.0,0.0,0.0,0.0,0.0,0.0,0.0,0.0,0.0,0.0,0.0,0.0,0.0,0.0,0.0,0.0,0.0,0.0,0.0,0.0,0.0,0.0,0.0,0.0,0.0,0.0,0.0,0.0,0.0,0.0,0.06967205247160455,0.0,0.0,0.0,0.0,0.0,0.0,0.0,0.0,0.0,0.0,0.0,0.0,0.0,0.0,0.0,0.0,0.0,0.0,0.0,0.0,0.0,0.0,0.0,0.0,0.0,0.0,0.0,0.0,0.0,0.0
APBA2,0.0,0.0,0.0,0.0,0.0,0.0,0.0,0.0,0.0,0.0,0.0,0.0,0.0,0.0,0.0,0.0,0.0,0.0,0.0,0.0,0.0,0.0,0.0,0.0,0.0,0.0,0.0,0.0,0.0,0.0,0.0,0.0,0.0,0.0,0.0,0.0,0.0,0.0,0.0,0.0,0.0,0.0,0.0,0.0,0.0,0.0,0.0,0.0,0.0,0.048256101246022864,0.0,0.0,0.0,0.0,0.0,0.0,0.0,0.0,0.0,0.0,0.0,0.0,0.0,0.0,0.0,0.0,0.0,0.0,0.0,0.0,0.0,0.0,0.0,0.0,0.0,0.0,0.0,0.0,0.0,0.0
APOE,0.0,0.0,0.0,0.0,0.0,0.0,0.0,0.0,0.0,0.0,0.0,0.0,0.0,0.0,0.2856684263851117,0.0,0.026630010053410414,0.0,0.0,0.0,0.0,0.0,0.0,0.0,0.0,0.0,0.0,0.0,0.0,0.0,0.0,0.0,0.0,0.0,0.0,0.0,0.0,0.0,0.0,0.0,0.0,0.0,0.0,0.0,0.0,0.0,0.0,0.0015410867594518212,0.0,0.009344638191222738,0.0,0.0,0.0,0.0,0.0,0.0,0.0,0.0,0.0,0.0,0.0,0.0,0.0,0.0,0.0,0.0,0.0,0.0,0.0,0.0,0.0,0.0,0.0,0.0,0.0,0.0,0.0,0.0,0.0,0.0
APP,0.0,0.0,0.0597827903091061,0.06263744467551859,0.0,0.0,0.0,0.0,0.004291791016242699,0.0,0.056690084656749934,0.10152864430579996,0.12603139053307028,0.0,0.0,0.0,0.0,0.0,0.0,0.0,0.0,0.0,0.0,0.0,0.0,0.0,0.04750990952558702,0.0,0.0,0.0,0.08686396843171759,0.0,0.058502639577667576,0.0,0.014182975168417497,0.0,0.0,0.0,0.0,0.0,0.0,0.0,0.0,0.0,0.0,0.0,0.0,0.0006942889137737961,0.0,0.0012755292486535488,0.0,0.0,0.0,0.0,0.0,0.0,0.0,0.0,0.0,0.0,0.0,0.0,0.0,0.0,0.0,0.0,0.0,0.0,0.016671465898789525,0.017923532234842422,0.0,0.004544207323254243,0.09236139995378517,0.07928402566700439,0.0,0.0,0.021049787589541232,0.0,0.05635471657868074,0.0
ARF6,0.0,0.0,0.0,0.00952025453705185,0.0,0.0,0.0,0.0,0.0,0.0,0.0,0.0,0.0,0.0,0.0,0.0,0.0,0.0,0.0,0.0,0.014131072361755453,0.03789047085799606,0.0,0.0,0.0,0.0,0.0,0.0,0.011600277288967098,0.0073908174692049276,0.10753834941964842,0.0,0.0,0.0,0.0,0.0,0.0,0.0,0.0,0.0,0.0,0.0,0.0,0.0,0.0,0.0,0.0,0.0,0.0,0.0,0.0,0.00803569206704705,0.0,0.0,0.0,0.0,0.0,0.0,0.0,0.0,0.0,0.0,0.0,0.0,0.0,0.0,0.0,0.0,0.0,0.0,0.0,0.03944559090836743,0.0,0.0,0.0,0.0,0.0,0.03681117687836613,0.0,0.0016612453118612135
BACE1,0.0,0.03693624227917969,0.029938332449049733,0.0,0.0,0.11761846963875866,0.0,0.0,0.0,0.0,0.0,0.0,0.0020470399169061743,0.0,0.22129555113835192,0.03918058200308969,0.0,0.0,0.05646358239790562,0.0,0.0,0.0,0.0,0.0,0.0,0.0,0.0,0.0,0.028876904469374992,0.015669333755578947,0.03448016254136732,0.0,0.027472040864314557,0.0,0.01491317610643117,0.0,0.0,0.0337415351963878,0.0,0.006644586256692869,0.0,0.0,0.0,0.1145254003411795,0.0,0.0030203442663291535,0.0,0.0,0.0,0.005289970421592734,0.0,0.0,0.02817828791565193,0.04284257232451428,0.0,0.0,0.0,0.0,0.0,0.0,0.0,0.0,0.0,0.0,0.0,0.0,0.0023796848672518072,0.0,0.0,0.03869657171772859,0.0,0.0,0.0,0.0,0.0,0.0,0.0,0.0403963055448076,0.0,0.02370938484322841
BIN1,0.022839573355326683,0.0,0.0,0.0,0.0898778862048739,0.041342362999697825,0.0,0.0,0.0,0.0,0.0,0.0,0.0,0.09027959970849109,0.05554809008336445,0.005593771663200554,0.1776867674521756,0.0,0.0,0.0,0.0,0.0,0.0,0.0,0.0,0.0,0.0,0.0,0.0,0.0,0.0,0.0,0.0,0.0,0.033695941982616114,0.0,0.0,0.0,0.0,0.0,0.0,0.0,0.0,0.0,0.0,0.06467516308501751,0.0,0.0,0.0,0.007636822552835991,0.0,0.0,0.0,0.0,0.0,0.0,0.0,0.0,0.0,0.0,0.0,0.0,0.0,0.0,0.0,0.0,0.13508949679162446,0.0,0.0,0.0,0.0,0.0,0.0,0.0,0.0,0.0,0.0018087772623046978,0.01665582395705576,0.03492276791268952,0.0
CLU,0.0,0.0,0.0,0.0,0.0,0.0,0.0,0.0,0.0,0.0,0.0,0.0,0.0,0.2654764571001973,0.2912600650562577,0.0,0.0,0.12565598393145985,0.0,0.0,0.0,0.0,0.0,0.0,0.0,0.0,0.0,0.0,0.0,0.0,0.0,0.0,0.01031514957606783,0.0,0.0,0.0,0.0,0.0,0.0,0.0,0.0,0.0,0.0,0.0,0.0,0.0,0.0,0.01437672194671075,0.0,0.0,0.0,0.0,0.0,0.0,0.0,0.0,0.0,0.0,0.0,0.0,0.0,0.0,0.0,0.0,0.0,0.0,0.0,0.0,0.0,0.0,0.0,0.0,0.0,0.0,0.0,0.0,0.0,0.0,0.0,0.0
COPA,0.0,0.0,0.0,0.0,0.0,0.01763913329422848,0.0,0.0,0.0,0.0,0.0,0.0,0.0,0.0,0.0,0.0,0.0,0.0,0.0,0.0,0.3717200803427007,0.39087612648642883,0.0,0.3340727705789296,0.0,0.0,0.0,0.0,0.0,0.0,0.0,0.0,0.0,0.0,0.0,0.0,0.0,0.0,0.0,0.0,0.0,0.0,0.0,0.0,0.0,0.0,0.0,0.0,0.0,0.0,0.055951581080360475,0.0,0.0,0.02062745516272952,0.0,0.0,0.0,0.0,0.09109653566540465,0.0,0.028572495067455874,0.0,0.03392452763113458,0.0,0.0,0.0,0.0,0.0,0.0,0.0,0.0,0.0,0.18380170283865693,0.06861124442311452,0.29972093353952256,0.0,0.0,0.0,0.0,0.0
COPB1,0.0,0.0,0.0,0.0,0.0,0.0,0.0,0.0,0.0,0.0,0.0,0.0,0.0,0.0,0.0,0.0,0.0,0.0,0.0,0.0,0.0,0.0,0.0,0.0,0.0,0.13317335892923798,0.0,0.0,0.0,0.0,0.0,0.17167658749816941,0.0,0.0,0.0,0.0,0.0,0.0,0.0,0.0,0.0,0.0,0.0,0.0,0.0,0.0,0.0,0.0,0.0,0.0,0.08418812989921612,0.05393377059670453,0.0,0.0,0.0,0.0,0.0,0.012146323254945876,0.0,0.012065625055546668,0.007825592349668498,0.0,0.0,0.015753568317958017,0.0,0.0,0.0,0.0,0.0,0.0,0.0,0.0,0.0,0.0,0.3211450612346469,0.0,0.0,0.0,0.0,0.0
COPB2,0.0,0.0,0.0,0.0,0.0,0.0,0.0,0.0,0.0,0.0,0.0,0.0,0.0,0.0,0.0,0.0,0.0,0.0,0.0,0.0,0.531033256901118,0.0,0.0,0.0,0.17798752199648057,0.0,0.0,0.0,0.010758811923425586,0.0,0.0,0.0,0.0,0.0,0.0,0.0,0.0,0.0,0.0,0.0,0.0,0.0,0.0,0.0,0.0,0.0,0.0,0.0,0.0,0.0,0.04428731402975524,0.0,0.0955658650171528,0.03130165840132246,0.0,0.0,0.0,0.009313354307755204,0.0,0.008365950336834996,0.0,0.026930446684086104,0.027448408254679254,0.0,0.00513197888337866,0.0,0.0,0.0,0.0,0.0,0.0,0.0,0.0,0.0,0.34412449563625375,0.0,0.0,0.0,0.0,0.0
COPE,0.0,0.0,0.0,0.0,0.0,0.0,0.0,0.0,0.0,0.0,0.0,0.0,0.0,0.0,0.0,0.0,0.0,0.0,0.0,0.12177962637089176,0.44793899642723833,0.40118736557706325,0.0,0.4025400380383583,0.0,0.0,0.0,0.0,0.0,0.0,0.0,0.0,0.0,0.0,0.0,0.0,0.0,0.0,0.0,0.0,0.0,0.0,0.0,0.0,0.0,0.0,0.0,0.0,0.0,0.0,0.0,0.020575907854743242,0.0,0.0,0.0,0.0,0.010934783767930466,0.0,0.0,0.0,0.0,0.018509038553831385,0.0,0.0,0.020866705771521003,0.0,0.0,0.0,0.0,0.0,0.0,0.0,0.0,0.0,0.2723866403597647,0.0,0.0,0.0,0.0,0.0
COPG1,0.0,0.0,0.0,0.0,0.0,0.0,0.0,0.0,0.0,0.0,0.0,0.0,0.0,0.0,0.0,0.0,0.0,0.0,0.0,0.0,0.4057821859613573,0.45583284452265416,0.0,0.0,0.026521978705629324,0.0,0.0,0.0,0.0,0.0,0.0,0.0,0.0,0.0,0.0,0.0,0.0,0.0,0.0,0.0,0.0,0.0,0.0,0.0,0.0,0.0,0.0,0.0,0.0,0.0,0.21927264970937985,0.09353490108249347,0.0,0.0,0.0,0.0,0.07130094740397092,0.0,0.0,0.029916280061856773,0.0,0.0,0.012401571304146894,0.0,0.013891466254288205,0.0,0.0,0.0,0.0,0.0,0.0,0.0,0.15535292131036813,0.007772978545654918,0.32587319362235373,0.0,0.0,0.0,0.0,0.0
COPG2,0.0,0.0,0.0,0.0,0.0,0.0,0.0,0.0,0.0,0.0,0.0,0.0,0.0,0.0,0.0,0.0,0.0,0.0,0.0,0.20576085604081124,0.38263566718213976,0.0,0.0625837643754777,0.0,0.0,0.0,0.0,0.0,0.0,0.0,0.0,0.0,0.0,0.0,0.0,0.0,0.0,0.0,0.0,0.0,0.0,0.0,0.0,0.0,0.0,0.0,0.0,0.0,0.0,0.0,0.03785847597717699,0.10870260758278674,0.0,0.0,0.0,0.0,0.06396914271494339,0.0,0.0,0.010161218649460532,0.0,0.0,0.0,0.0,0.0,0.0,0.0,0.0,0.0,0.0,0.0,0.0,0.029785101050498586,0.0,0.0,0.0,0.0,0.0,0.0,0.0
COPZ1,0.0,0.0,0.0,0.0,0.0,0.0,0.0,0.0,0.0,0.0,0.0,0.0,0.0,0.0,0.0,0.0,0.0,0.0,0.0,0.12760802716009884,0.0,0.3836577258749711,0.21814465241116976,0.024252119660854263,0.08923550009776214,0.0,0.0,0.0,0.0,0.0,0.0,0.0,0.0,0.0,0.0,0.0,0.0,0.0,0.0,0.0,0.0,0.0,0.0,0.0,0.0,0.0,0.0,0.0,0.0,0.0,0.1827344958140031,0.0,0.1022094242698946,0.0,0.0,0.0,0.0,0.0,0.0,0.0,0.012557279724133029,0.006057341936401287,0.0,0.0,0.0,0.0,0.0,0.0,0.0,0.0,0.0,0.0,0.0,0.0,0.008862581986882098,0.0,0.0,0.0,0.0,0.0
ECE1,0.0,0.0,0.0,0.0,0.0,0.0,0.0,0.0,0.0,0.0,0.0,0.0,0.0,0.0,0.0,0.0,0.027776692551136642,0.0,0.0,0.0,0.0,0.0,0.0,0.0,0.0,0.0,0.0,0.0,0.0,0.0,0.0,0.0,0.0,0.0,0.009928367016832862,0.0,0.0,0.0,0.0,0.0,0.0,0.0,0.0,0.0,0.0,0.0,0.0,0.0,0.0,0.0,0.0,0.0,0.0,0.0,0.0,0.0,0.0,0.0,0.0,0.0,0.0,0.0,0.0,0.0,0.0,0.0,0.0,0.0,0.0,0.0,0.0,0.0,0.0,0.0,0.0,0.0,0.0,0.0,0.0,0.0
EIF2S1,0.0,0.0,0.0,0.0,0.0,0.0,0.0,0.0,0.0,0.0,0.0,0.0,0.0,0.0,0.0,0.0,0.02260672696128792,0.0,0.0,0.0,0.0,0.0,0.0,0.0,0.0,0.0,0.0,0.0,0.0,0.0,0.0,0.0,0.18055564443022448,0.0,0.0,0.0,0.0,0.0,0.0,0.0,0.0,0.0,0.0,0.0,0.0,0.0,0.0,0.0,0.0,0.0,0.0,0.0,0.0,0.0,0.0,0.0,0.0,0.0,0.0,0.0,0.0,0.0,0.0,0.0,0.0,0.0,0.0,0.0,0.0,0.0,0.0,0.0,0.0,0.0,0.029416093425051994,0.0,0.0,0.0,0.0,0.0
GGA1,0.0,0.0,0.0,0.0,0.0,0.0,0.0,0.0,0.0,0.0,0.0,0.0,0.0,0.0,0.10333280008531968,0.0,0.0,0.0,0.0,0.0,0.0,0.0,0.0,0.0,0.0,0.0,0.0,0.0,0.0,0.09210366341385379,0.0837647309763771,0.0,0.0,0.0,0.0,0.0,0.0,0.031593167315451746,0.0,0.0,0.0,0.0,0.0,0.0,0.0,0.0,0.0,0.0,0.0,0.0,0.0,0.0,0.0,0.0,0.0,0.0,0.0,0.0,0.0,0.0,0.0,0.0,0.0,0.0,0.0,0.0,0.0,0.0,0.0,0.011705860395670026,0.0,0.0,0.0,0.0,0.0,0.0,0.0,0.0,0.0,0.0
GGA2,0.0,0.0,0.0,0.0056044366234735766,0.0,0.048633640839687874,0.0,0.0,0.0,0.0,0.0,0.0,0.0,0.0,0.11975363941769315,0.0,0.0,0.0,0.0,0.0,0.010378072841678666,0.0,0.0,0.0,0.0,0.0,0.0,0.0,0.0,0.0,0.07543006452300965,0.0,0.0,0.0,0.0,0.0,0.0,0.049868643239303935,0.0,0.0,0.0,0.0,0.0,0.0,0.0,0.0,0.0,0.0,0.0,0.0,0.0,0.0,0.0,0.0,0.0,0.0,0.0,0.0,0.0,0.014156668266410708,0.0,0.0,0.0,0.0,0.0,0.0,0.0,0.0,0.0,0.087483958122256,0.0,0.0,0.0,0.0,0.0,0.0,0.029667786487495337,0.0,0.0,0.0
GGA3,0.0,0.0,0.0,0.0,0.0,0.0,0.0,0.0,0.0,0.0,0.0,0.0,0.0,0.0,0.0,0.0,0.0,0.0,0.0,0.0,0.034043619687516666,0.0,0.0,0.0,0.0,0.0,0.0,0.0,0.0,0.0,0.0,0.03051465580296128,0.0,0.0,0.0,0.0,0.0,0.0,0.0,0.0,0.0,0.0,0.0,0.0,0.0,0.0,0.0,0.0,0.0,0.0,0.0,0.0,0.035402691124975565,0.01612719742618959,0.0,0.0,0.0,0.0,0.0,0.0,0.0,0.0,0.0,0.0,0.0,0.0,0.0,0.0,0.0,0.0,0.0,0.0,0.0,0.0,0.0,0.0,0.0,0.0,0.0,0.0
GORASP1,0.0,0.0,0.0,0.0,0.0,0.0,0.0,0.0,0.0,0.0,0.0,0.0,0.0,0.0,0.0,0.0,0.0,0.0,0.0,0.15695244975739964,0.0,0.033670829323484745,0.0,0.0,0.0,0.0,0.0,0.0,0.0,0.011614398409360975,0.0,0.0,0.0,0.0,0.0,0.0,0.0,0.0,0.0,0.0,0.0,0.0,0.05180740972353597,0.0,0.0,0.0,0.0,0.0,0.03542484377944385,0.0,0.08257229442741558,0.04886536241174206,0.0,0.0,0.0,0.0,0.05117613859998907,0.01608217658525248,0.06712701583904798,0.11560169502134757,0.0602088240676666,0.08751156840033479,0.05624956289694252,0.0,0.10264211820234827,0.0,0.0,0.0,0.0,0.0,0.0,0.0,0.02237423886486449,0.0,0.0,0.0,0.0,0.0,0.0,0.0
HSPA5,0.0,0.0,0.0,0.0,0.0,0.0,0.0,0.0,0.0,0.0,0.0,0.0625030661760785,0.05112462006079027,0.05084981958442206,0.0,0.0,0.0,0.0,0.0,0.10664107076201142,0.0757197959437601,0.0,0.048299472084466485,0.026990170461615032,0.0,0.0,0.0,0.0,0.0,0.0,0.0,0.11609269735442987,0.0,0.24318384614017316,0.0,0.011703016406263887,0.0,0.0,0.0,0.0,0.0,0.0,0.175528893154873,0.0,0.0,0.056465276666844415,0.0,0.0,0.0,0.029732487246485008,0.016871256154570826,0.0,0.0,0.0,0.0,0.0,0.015849197461739458,0.0,0.0,0.018309248298050092,0.0,0.0,0.0,0.0,0.03134929522387529,0.0,0.0,0.0,0.0,0.0,0.09915610401078417,0.0,0.19264899838248103,0.10883378659414494,0.0,0.0,0.0,0.0,0.0,0.0
HSPA9,0.0,0.0,0.0,0.0,0.0,0.0,0.0,0.0,0.0,0.0,0.0,0.0,0.0,0.0,0.0,0.0,0.0,0.0,0.0,0.0,0.0,0.0,0.0,0.0,0.0,0.0,0.0,0.03146589878952701,0.0,0.0,0.0,0.0,0.0,0.0,0.0,0.09828258589736755,0.0,0.0,0.025098035366840656,0.0,0.0,0.23138911107556123,0.0,0.0,0.0,0.0,0.0,0.0,0.0,0.0,0.0,0.0,0.0,0.0,0.0,0.0,0.020266624006825575,0.0,0.0,0.0,0.0,0.0,0.0,0.0,0.0,0.0,0.0,0.0,0.0,0.0,0.0,0.0,0.0,0.0,0.0,0.0,0.0,0.0,0.0,0.0
IDE,0.0,0.0,0.017674327663129454,0.0,0.0,0.0,0.0,0.0,0.0,0.0,0.0,0.0,0.0,0.007731740699265895,0.0,0.0,0.0,0.0,0.007599850690556177,0.0,0.0,0.0,0.0,0.0,0.0,0.0,0.0,0.0,0.0,0.0,0.0,0.0,0.0,0.0,0.0,0.0,0.0,0.027671305924385433,0.0,0.0,0.0,0.0,0.0,0.0,0.0,0.0,0.0,0.0,0.0,0.013134254074903571,0.0,0.0,0.0,0.0,0.0,0.0,0.0,0.0,0.0,0.0,0.0,0.0,0.0,0.0,0.0,0.0,0.0,0.0,0.0,0.0,0.0,0.0,0.0,0.0,0.0,0.0,0.0,0.0,0.0,0.0
ITPR1,0.0,0.0,0.0,0.0,0.0,0.0,0.0,0.0,0.0,0.0,0.0,0.0,0.0,0.0,0.0,0.0,0.0,0.0,0.0,0.0,0.0,0.0,0.0,0.0,0.0,0.0,0.0,0.0,0.0,0.0,0.0,0.0,0.0,0.0,0.0,0.0,0.0,0.0,0.0,0.0,0.0,0.0,0.0,0.0,0.0,0.0,0.0,0.0,0.0,0.0,0.0,0.0,0.0,0.0,0.0,0.0,0.0,0.0,0.0,0.0,0.0,0.0,0.0,0.0,0.0,0.0,0.0,0.0,0.0,0.0,0.0,0.0,0.0,0.0,0.0,0.06752626246467232,0.0,0.0,0.0,0.0
ITPR2,0.0,0.0,0.0,0.0,0.0,0.0,0.0,0.0,0.0,0.0,0.0,0.0,0.0,0.0,0.0,0.0,0.0,0.0,0.0,0.0,0.0,0.0,0.0,0.0,0.0,0.0,0.0,0.0,0.0,0.0,0.0,0.0,0.0,0.011053875824312555,0.0,0.07214774524964894,0.0,0.0,0.0,0.0,0.0,0.0,0.0,0.0,0.0,0.0,0.030078654886675982,0.0,0.0,0.02298298938836453,0.0,0.0,0.0,0.0,0.0,0.0,0.0,0.0,0.0,0.0,0.0,0.0,0.0,0.0,0.0,0.01076463220661034,0.0,0.0,0.0,0.0,0.0,0.008378747095453862,0.0,0.0,0.0,0.010153753177269416,0.0,0.0,0.0,0.0
LRP1,0.0,0.0,0.0018873424696493005,0.0,0.0,0.0,0.0,0.0,0.0,0.0,0.0,0.0,0.012454540606836241,0.05245560710286354,0.3737457117972236,0.0,0.0,0.0,0.021918626353116838,0.0,0.0,0.0,0.0,0.0,0.0,0.0,0.0,0.0,0.0,0.0,0.0,0.0,0.13069482216178746,0.0,0.0,0.0,0.0,0.0,0.0,0.0,0.0,0.0,0.0,0.0,0.0,0.0,0.0,0.0,0.0,0.02598908619065394,0.0,0.0,0.0,0.0,0.0,0.0,0.0,0.0,0.0,0.0,0.0,0.0,0.0,0.0,0.0,0.0,0.0,0.0,0.21748200287953928,0.0,0.0,0.0,0.0,0.0,0.0,0.0,0.0,0.0,0.0,0.0
MAP2K3,0.0,0.0,0.0,0.0,0.0,0.0,0.0,0.0,0.0,0.0,0.0,0.0,0.0,0.0,0.0,0.0,0.0,0.0,0.0,0.0,0.0,0.0,0.0,0.0,0.0,0.0,0.0,0.0,0.0,0.0,0.0,0.0,0.007894258646920477,0.0,0.0,0.0,0.0,0.0,0.0,0.00827765221814793,0.08420217565539807,0.0,0.0,0.0,0.0,0.0,0.0,0.0,0.0,0.0,0.0,0.0,0.0,0.0,0.0,0.0,0.0,0.0,0.0,0.0,0.0,0.0,0.0,0.0,0.0,0.0,0.0,0.0,0.0,0.0,0.0,0.0,0.0,0.0,0.0,0.0,0.0,0.0,0.0,0.0
MAPK14,0.0,0.0,0.0,0.0,0.0,0.0,0.0,0.0,0.0,0.0,0.0,0.0,0.0,0.031535159637963925,0.0,0.0,0.0,0.0,0.0,0.0,0.0,0.0,0.0,0.0,0.0,0.0,0.0,0.0,0.0,0.0,0.0,0.0,0.003595801281281565,0.0,0.0,0.0,0.0,0.0,0.0,0.0,0.059009009564665635,0.0,0.0,0.0,0.0,0.0,0.0,0.0,0.0,0.0,0.0,0.0,0.0,0.0,0.0,0.0,0.0,0.0,0.0,0.0,0.0,0.0,0.0,0.0,0.0,0.0,0.0,0.0,0.0,0.0,0.0,0.0,0.0,0.0,0.0,0.0,0.0,0.0,0.0,0.0
MAPKAPK2,0.0,0.0,0.0,0.0,0.0,0.0,0.0,0.0,0.0,0.0,0.0,0.0,0.0,0.0,0.0,0.0,0.0,0.0,0.0,0.0,0.0,0.0,0.0,0.0,0.0,0.0,0.0,0.0,0.0,0.0,0.0,0.0,0.0,0.0,0.0,0.0,0.0,0.0,0.0,0.0,0.0,0.0,0.0,0.0,0.0,0.0,0.0,0.0,0.0,0.0,0.0,0.0,0.0,0.0,0.0,0.0,0.0,0.0,0.0,0.0,0.0,0.0,0.0,0.0,0.0,0.0,0.0,0.0,0.0,0.0,0.0,0.0,0.0,0.0,0.0,0.0,0.0,0.0,0.0,0.0
MFN2,0.0,0.0,0.0,0.0,0.0,0.0,0.0,0.0,0.0,0.0,0.0,0.0,0.0,0.0,0.0694957251284239,0.0,0.0,0.0,0.0,0.0,0.0,0.0,0.0,0.0,0.0,0.0,0.0,0.0,0.0,0.0,0.0,0.0,0.009663165004710358,0.0,0.0,0.1450509251853037,0.1273246947155122,0.0,0.0,0.0,0.0,0.0,0.0,0.0,0.0,0.0,0.0,0.0,0.0,0.004087523773973942,0.0,0.0,0.0,0.0,0.0,0.0,0.0,0.0,0.0,0.0,0.0,0.0,0.0,0.0,0.0,0.0,0.0,0.0,0.0,0.0,0.0,0.0,0.0,0.0,0.0,0.0,0.0,0.0,0.0,0.0
MIA3,0.0,0.0,0.0,0.0,0.0,0.0,0.0,0.0,0.0,0.0,0.0,0.0,0.0,0.0,0.0,0.0,0.0,0.0,0.0,0.0,0.0429680584439823,0.0,0.0,0.0,0.0,0.0,0.0,0.0,0.0,0.0,0.0,0.0,0.0,0.0,0.0,0.0,0.0,0.0,0.0,0.0,0.0,0.0,0.0,0.0,0.0,0.0,0.0,0.0,0.0,0.0,0.0,0.0,0.0,0.0,0.0,0.0,0.0,0.0,0.0,0.0,0.0,0.0,0.0,0.0,0.0,0.0,0.0,0.0,0.0,0.0,0.0,0.0,0.0,0.0,0.0,0.0,0.0,0.0,0.0,0.0
NCSTN,0.0,0.0,0.005438418741890187,0.0,0.0,0.0,0.0,0.0,0.0,0.0,0.0,0.0,0.0,0.02393572583942125,0.06842354112230932,0.0,0.0,0.0,0.0,0.0,0.0,0.0,0.0,0.0,0.0,0.0,0.0,0.0,0.0,0.0,0.0,0.0,0.0,0.0,0.011439236388844452,0.0,0.0,0.0,0.0,0.0,0.0,0.0,0.0,0.0,0.0,0.0,0.0,0.0,0.0,0.13781439414138183,0.0,0.0,0.0,0.0,0.0,0.0,0.0,0.0,0.0,0.0,0.0,0.0,0.0,0.0,0.0,0.0,0.0,0.0,0.0,0.0,0.0,0.0,0.027370554044686187,0.1161040900122647,0.014112586430615547,0.0,0.0,0.0,0.0,0.0
OSBP,0.0,0.0,0.0,0.0,0.0,0.0,0.0,0.0,0.0,0.0,0.0,0.0,0.0,0.0,0.0,0.0,0.0,0.0,0.0,0.0,0.0,0.0,0.0,0.0,0.0,0.0,0.0,0.0,0.0,0.0,0.0,0.0,0.0,0.0,0.0,0.0,0.0,0.0,0.0,0.0,0.0,0.0,0.0,0.0,0.0,0.0,0.0,0.0,0.0,0.0,0.0,0.0,0.0,0.0,0.0,0.0,0.0,0.0,0.0,0.0,0.0,0.0,0.0,0.0,0.0,0.0,0.0,0.0,0.0,0.013571517446097515,0.0,0.0,0.0,0.0,0.0,0.0,0.0,0.0,0.0,0.0
PICALM,0.0,0.0,0.0,0.0,0.0,0.0,0.0,0.037333145999090545,0.07186354015622723,0.0,0.0,0.0,0.0,0.046150127090776594,0.1265945004354859,0.0,0.0,0.0,0.052466627561812335,0.0,0.0,0.0,0.0,0.0,0.0,0.0,0.0,0.0,0.0,0.028345331413640484,0.0,0.0,0.0,0.0,0.019148580671537,0.0,0.0,0.004567091487584209,0.0,0.0,0.0,0.0,0.0,0.0018297516841749763,0.0,0.0,0.0,0.0,0.0,0.0,0.0,0.0,0.0,0.0,0.0,0.0,0.002563856449634725,0.0,0.0,0.0,0.0,0.0,0.02740468191755986,0.008363461846104623,0.0,0.0,0.0,0.0,0.019610728950034663,0.074948008318669,0.0,0.0,0.0,0.0,0.0,0.0,0.0,0.0,0.0,0.0
PLCG2,0.0466953999482206,0.0,0.0,0.0,0.0,0.0,0.0,0.0,0.0,0.0,0.0,0.0,0.0,0.0,0.0,0.0,0.0,0.0,0.0,0.0,0.0,0.0,0.0,0.0,0.0,0.0,0.0,0.0,0.0,0.0,0.0,0.0,0.0,0.0,0.0,0.0038184267626442075,0.0,0.0,0.0,0.0,0.0,0.0,0.0,0.0,0.0,0.0,0.0,0.0,0.0,0.0,0.0,0.0,0.0,0.0,0.0,0.0,0.0,0.0,0.0,0.0,0.0,0.0,0.0,0.0,0.0,0.0,0.0,0.0,0.0,0.0,0.0,0.0005965331367722927,0.0,0.0,0.0,0.0,0.0,0.0,0.0,0.0
PLG,0.0,0.0,0.0,0.0,0.0,0.0,0.0,0.0,0.0,0.0,0.0,0.0,0.0,0.0,0.0,0.0,0.0,0.0,0.0,0.0,0.0,0.0,0.0,0.0,0.0,0.0,0.0,0.0,0.0,0.0,0.0,0.0,0.018701718836097336,0.0,0.01473364261718125,0.0,0.0,0.017568744556426527,0.0,0.0,0.0,0.0,0.0,0.0,0.0,0.0,0.0,0.0,0.0,0.0,0.0,0.0,0.0,0.0,0.0,0.0,0.0,0.0,0.0,0.0,0.0,0.0,0.0,0.0,0.0,0.0,0.0,0.0,0.0,0.0,0.0,0.0,0.0,0.0,0.0,0.00045148331822463965,0.01310403668746334,0.0,0.0,0.0
PREB,0.0,0.0,0.0,0.0,0.0,0.0,0.0,0.0,0.0,0.0,0.0,0.0,0.0,0.0,0.0,0.0,0.0,0.0,0.0,0.013809346060185926,0.0,0.032216356494072056,0.0593188645372296,0.0,0.0,0.0,0.0,0.0,0.0,0.0,0.0,0.0,0.0,0.0,0.0,0.0,0.0,0.0,0.0,0.0,0.0,0.0,0.15111928758065377,0.0,0.0,0.0,0.0,0.0,0.0,0.0,0.00637409125651007,0.030149842691835974,0.0,0.0,0.10063989761638138,0.0638368972075579,0.01152526706838017,0.05493414387031408,0.0,0.02125064434134983,0.04253826054497947,0.0,0.0,0.03310936916759985,0.0634003448337155,0.0,0.0,0.0,0.0,0.0,0.0,0.0,0.05671625873193622,0.029612328694075613,0.010143799214347927,0.0,0.0,0.0,0.0,0.0
PSEN1,0.019304333955742527,0.0,0.0,0.0,0.0,0.0,0.0,0.0,0.0,0.0,0.0,0.0,0.0,0.0,0.0,0.0,0.0,0.0,0.004737730851952577,0.0,0.0,0.0,0.0,0.0,0.0,0.0,0.009570379850335058,0.0,0.0,0.0,0.0,0.0,0.0,0.0,0.0,0.004159334506478964,0.0,0.0,0.0,0.0,0.0,0.0,0.0,0.0,0.0,0.012765246449456978,0.0,0.0,0.0,0.0,0.0,0.0,0.0,0.0,0.0,0.0,0.0029047796796956935,0.0,0.0,0.0,0.0,0.0,0.0,0.0,0.0,0.0,0.0,0.0,0.0,0.0,0.0,0.0,0.039397785243249966,0.0,0.025589861177767115,0.025706109244743064,0.0,0.0,0.0,0.0
RAB1A,0.0,0.0,0.0,0.0,0.0,0.0,0.0,0.0,0.0,0.0,0.0,0.0,0.0,0.0,0.0,0.008850850530581773,0.0,0.0,0.0,0.0,0.0,0.0,0.04618887644643524,0.0,0.0,0.0,0.0,0.0,0.0,0.0,0.0,0.0,0.0,0.037787376242023496,0.0,0.0,0.0,0.0,0.0,0.0,0.0,0.0,0.0,0.0,0.0,0.0,0.0,0.0,0.0,0.0,0.0,0.0,0.0,0.07421390355320927,0.020690022929664587,0.0,0.0,0.03592491867967792,0.0,0.0017270125668781885,0.03177198314936277,0.0,0.0,0.0,0.0,0.0,0.0,0.0,0.0,0.0,0.0,0.0,0.03361595478056844,0.14571215272223112,0.13329067349224122,0.013808279564158624,0.0,0.0,0.0,0.0
RAB1B,0.0,0.0,0.0,0.0,0.0,0.0,0.0,0.0,0.0,0.0,0.0,0.0,0.0,0.0,0.0,0.0,0.0,0.0,0.0,0.018197621713859115,0.0,0.058501573081640265,0.0,0.0,0.0,0.16856289660321014,0.0,0.0,0.0,0.0,0.0,0.0,0.0,0.0,0.0,0.0,0.0,0.0,0.0,0.0,0.0,0.0,0.0,0.0,0.0,0.0,0.0,0.0,0.0,0.0,0.18951065607280615,0.0,0.0,0.060050125313283215,0.0,0.01626406441636005,0.0,0.03098277608915907,0.0,0.01615172683481754,0.0,0.06111875433264011,0.0,0.0,0.0,0.0,0.0,0.0,0.0,0.0,0.0,0.0,0.06279315309550472,0.11380792406548285,0.09487442009278516,0.06880321370802894,0.0,0.0,0.0,0.0
RTN3,0.0,0.0,0.0,0.0,0.0,0.0,0.0,0.0,0.0,0.0,0.0,0.0,0.0,0.0,0.012781243889866511,0.0,0.0,0.0,0.0,0.014537051849481862,0.0,0.0,0.06910254359302512,0.0,0.003136209317620292,0.0,0.0,0.0,0.0,0.0,0.0,0.0,0.0,0.0,0.0,0.0,0.0,0.0057281501626406444,0.0,0.0,0.0,0.0,0.0,0.0,0.0,0.0,0.0,0.0,0.0,0.0,0.0,0.0,0.0,0.2590206011482607,0.0,0.0,0.0,0.0,0.0,0.0,0.0,0.0,0.0,0.0,0.0,0.0,0.0,0.0,0.0,0.0,0.0,0.0,0.0,0.0,0.0,0.0,0.0,0.0,0.0,0.0
RTN4,0.0,0.0,0.0,0.0,0.0,0.0,0.0,0.0,0.0,0.0,0.0,0.0,0.0,0.0,0.047281323877068564,0.0,0.0,0.0,0.0,0.0,0.0,0.0,0.0,0.0,0.0,0.0,0.0,0.0,0.0,0.0,0.0,0.0,0.0,0.0,0.0,0.0,0.0,0.03920297196892942,0.0,0.0,0.0,0.0,0.0,0.0,0.0,0.0,0.0,0.0,0.0,0.0,0.0,0.0,0.0,0.0,0.0,0.0,0.0,0.0,0.0,0.0,0.0,0.0,0.0,0.0,0.0,0.0,0.0,0.0,0.0,0.0,0.0,0.0,0.0,0.0,0.0,0.0,0.0,0.0,0.0,0.0
SAR1A,0.0,0.0,0.0,0.0,0.0,0.0,0.0,0.0,0.0,0.0,0.0,0.0,0.0,0.0,0.0,0.0,0.0,0.01877459606462966,0.0,0.018219662631756697,0.0029378410565420645,0.0,0.0,0.0,0.04937805506674488,0.0,0.0,0.0,0.0,0.0,0.0,0.0,0.018084217636289306,0.0,0.0,0.0,0.0,0.0,0.0,0.0,0.0,0.0,0.02535736504381521,0.0,0.0,0.0,0.0,0.0,0.0,0.0,0.0,0.05093798325601238,0.0,0.0,0.0,0.0050786540820135445,0.0,0.0,0.0,0.006519845713574717,0.0,0.0,0.0,0.0,0.0,0.0,0.0,0.0,0.0,0.0,0.0,0.0,0.04458628841607565,0.0,0.0,0.0,0.0,0.0,0.0,0.0
SAR1B,0.0,0.0,0.0,0.0,0.0,0.0,0.0,0.0,0.0,0.0,0.0,0.0,0.0,0.0,0.0,0.0,0.0,0.0,0.0,0.0,0.0,0.04449528075507919,0.0,0.0,0.0,0.0,0.0,0.0,0.0,0.0,0.0,0.0,0.04992552302742673,0.0,0.0,0.0,0.0,0.0,0.0,0.0,0.0,0.0,0.03794415115803694,0.0,0.0,0.0,0.0,0.0,0.0,0.0,0.09361488828454115,0.0,0.0,0.0,0.0,0.0,0.023570628699408094,0.0041817309230523115,0.05774542739828294,0.0592882916511136,0.0,0.0,0.019020956646936493,0.0,0.001255265824134805,0.0,0.0,0.0,0.0,0.0,0.08725098722610866,0.0,0.10453474110808937,0.0,0.0,0.0,0.0,0.0,0.0,0.0
SEC13,0.0,0.0,0.0,0.0,0.0,0.0,0.0,0.0,0.0,0.0,0.0,0.0,0.0,0.0,0.0,0.01825272400860307,0.0,0.0,0.0,0.06293286407508132,0.05524733820366519,0.023656303880268046,0.0,0.0,0.0,0.024253186156881566,0.0,0.0,0.0,0.0,0.0,0.0,0.0,0.0,0.0,0.0,0.0,0.0,0.0,0.0,0.0,0.0,0.00981105245382961,0.0,0.004575623455802627,0.0,0.0,0.0,0.0,0.0,0.12269716845304751,0.1259990401535754,0.0,0.0,0.027617981123020316,0.0,0.0,0.018165982331715815,0.0,0.021716703105280934,0.07706286994080948,0.0,0.14547859009225192,0.0,0.0,0.0,0.0,0.0,0.0,0.0,0.0,0.0,0.0029275315949448084,0.0,0.0,0.0,0.0,0.0,0.0,0.0
SEC16A,0.0,0.0,0.0,0.0,0.06578076396665422,0.0,0.0,0.0,0.0,0.0,0.0,0.0,0.0,0.0,0.0,0.0,0.0,0.0,0.0,0.0,0.0,0.0,0.00018521481007483247,0.0,0.0,0.0,0.0,0.0,0.0,0.0,0.0,0.0,0.0,0.0,0.0,0.0,0.0,0.0,0.0,0.0,0.0,0.0,0.07458931015481968,0.0,0.0,0.00942604738797348,0.0,0.0,0.0,0.0,0.0,0.0,0.0,0.0,0.08537407348157627,0.0,0.0,0.0,0.0,0.0337069624415649,0.0019751506425638565,0.0,0.0,0.0,0.016387066958175583,0.0,0.0,0.0,0.0,0.0,0.0,0.0,0.0,0.04862368687676638,0.0,0.0,0.0,0.0,0.0,0.0
SEC23A,0.0,0.0,0.0,0.0,0.0,0.0,0.0,0.0,0.0,0.0,0.0,0.0,0.0,0.0,0.0,0.0,0.0,0.0,0.0,0.0,0.04152651131374536,0.036675731882898736,0.0,0.06614052862653087,0.0,0.0,0.0,0.0,0.0,0.0,0.0,0.0,0.03384631792246574,0.0,0.0,0.0,0.0,0.0,0.0,0.0,0.0,0.0,0.023470022574165913,0.0,0.006711814998489132,0.0,0.0,0.0,0.03500559910414334,0.0,0.14806590945448728,0.10137471337919265,0.0,0.0,0.09062727741339163,0.0,0.23281039478127946,0.10197835013064577,0.0,0.020259869531985997,0.0,0.19980980820846442,0.36657423701096714,0.0,0.08351232691658224,0.0,0.0,0.0,0.0,0.0,0.007252380959078571,0.0,0.0,0.018744734175865193,0.10704136227092553,0.0,0.0,0.0,0.0,0.0
SEC23B,0.0,0.0,0.0,0.0,0.0,0.0,0.0,0.0,0.0,0.0,0.0,0.0,0.0,0.0,0.0,0.0,0.0,0.0,0.0,0.022327094331573618,0.0,0.0,0.0,0.0,0.0,0.0,0.0,0.0,0.0,0.0,0.0,0.0,0.0,0.0,0.0,0.0,0.0,0.0,0.0,0.0,0.0,0.0,0.059490570397625266,0.0,0.0,0.0,0.0,0.0,0.0,0.0,0.0,0.0,0.0,0.0,0.0,0.0,0.0,0.0,0.0,0.0,0.02153966476474875,0.08900975843864982,0.0,0.030663538278319913,0.08369434223857516,0.0,0.0,0.0,0.0,0.0,0.0,0.0,0.00794966138751133,0.0,0.0,0.0,0.0,0.0,0.0,0.0
SEC24A,0.0,0.0,0.0,0.0,0.0,0.0,0.0,0.0,0.0,0.0,0.0,0.0,0.0,0.0,0.0,0.0,0.0,0.0,0.0,0.0,0.0,0.02922092465205567,0.0,0.0,0.0,0.0,0.0,0.0,0.0,0.0,0.0,0.0,0.0,0.0,0.0,0.0,0.0,0.0,0.0,0.0,0.0,0.0,0.0398428695853108,0.0,0.0,0.0,0.0,0.0,0.0,0.0,0.0,0.017588652482269502,0.0,0.0,0.05583213352530261,0.02991734655788407,0.0,0.0,0.039988268543699676,0.0,0.0,0.0,0.0,0.0,0.0,0.0,0.0,0.0,0.0,0.0,0.01315050097803977,0.0,0.007360955580440462,0.06782274836026235,0.0,0.0,0.0,0.0,0.0,0.0
SEC24B,0.0,0.0,0.0,0.0,0.0,0.0,0.0,0.0,0.0,0.0,0.0,0.0,0.0,0.0,0.0,0.0,0.0,0.0,0.0,0.0364272383085373,0.002120194102276969,0.0,0.0,0.0,0.0,0.0,0.0,0.0,0.0,0.0,0.0,0.0,0.0,0.0,0.0,0.0,0.0,0.0,0.0,0.0,0.0,0.0,0.025374784478927815,0.0,0.0,0.0,0.0,0.0,0.056510424998666875,0.0,0.022284434490481522,0.0,0.0,0.0,0.012185783607956061,0.1241785314349704,0.0012136724790700155,0.03123695764233278,0.0,0.0,0.0,0.0,0.0,0.0,0.008578894043619688,0.0,0.0,0.0,0.0,0.0,0.03217502089324785,0.0,0.0,0.12521729856556285,0.0,0.0,0.0,0.0,0.0,0.0
SEC24C,0.0,0.0,0.0,0.0,0.0,0.0,0.0,0.0,0.0,0.0,0.0,0.0,0.0,0.0,0.0,0.0,0.0,0.0,0.0,0.0,0.013916706660267692,0.0,0.0,0.0,0.0,0.0,0.0,0.0,0.0,0.0,0.015084164311487942,0.0,0.0,0.0,0.0,0.0,0.0,0.0,0.0,0.0,0.0,0.0,0.1329515277555591,0.0,0.0,0.0,0.0,0.0,0.05437956593611688,0.0,0.1379107342825148,0.14072948328267476,0.0,0.0,0.1098906841572015,0.0,0.0,0.0315227785776498,0.0,0.04943031337208269,0.0,0.0,0.0,0.0,0.0,0.0,0.0,0.0,0.0,0.0,0.011724080366801512,0.0,0.11891004106009705,0.12539753639417692,0.0,0.0,0.0,0.0,0.0,0.0
SEC24D,0.0,0.0,0.0,0.0,0.0,0.0,0.0,0.0,0.0,0.0,0.0,0.0,0.0,0.0,0.0,0.0,0.0,0.0,0.0,0.0,0.0,0.005427042784265629,0.0,0.0,0.0,0.0,0.0,0.0,0.0,0.0,0.0,0.23323889577058066,0.0,0.0,0.0,0.0,0.0,0.0,0.0,0.0,0.0,0.0,0.05428891377379619,0.0,0.04539149291668889,0.0,0.0,0.0,0.0,0.0,0.04397269770170106,0.020435130379139337,0.0,0.0,0.054661120887324686,0.008185357009545138,0.038763931104356636,0.008371282816971507,0.013347197781688263,0.0,0.0,0.0,0.0,0.0,0.028438116568015783,0.0,0.0,0.0,0.0,0.0,0.0,0.0,0.030014042197692815,0.08843669457331271,0.0,0.0,0.0,0.0,0.0,0.0
SEC31A,0.0,0.0,0.0,0.0,0.0,0.0,0.0,0.0,0.0,0.0,0.0,0.0,0.0,0.0,0.0,0.0,0.0,0.0,0.0,0.06924723155406247,0.03884960628521659,0.0,0.0,0.0,0.0,0.0,0.0,0.0,0.0,0.0,0.0,0.0,0.0,0.0,0.0,0.0,0.0,0.0,0.0,0.0,0.0,0.0,0.03252741783536856,0.0,0.0,0.0,0.0,0.0,0.0,0.0,0.08688423185623634,0.13534581133685275,0.0,0.0,0.05580760411667466,0.0,0.29482749426758387,0.0,0.0,0.0,0.0004959206526955687,0.0,0.1470591372047139,0.0,0.0,0.0,0.0,0.0,0.0,0.0,0.0,0.0,0.0,0.0,0.0,0.0,0.0,0.0,0.0,0.0
SIGMAR1,0.0,0.0,0.0,0.0,0.0,0.0,0.0,0.0,0.0,0.0,0.0,0.0,0.0,0.0,0.024451881113194556,0.009030307985530344,0.0,0.0,0.0,0.0,0.0,0.0,0.0,0.0,0.0,0.0,0.0,0.0,0.0,0.0,0.0,0.0,0.07971393080674988,0.010094915352343949,0.0,0.0758886514322237,0.0,0.0,0.0,0.0,0.0,0.014090258099649675,0.0,0.0,0.0,0.0,0.0,0.0,0.0,0.0,0.0,0.0,0.003967876698428723,0.0,0.0,0.0,0.0,0.0,0.0,0.0,0.0,0.0,0.0,0.0,0.0,0.0,0.0,0.0,0.0,0.0,0.0,0.0,0.0,0.0,0.0,0.03316150656164947,0.0,0.0,0.0,0.0
SNX4,0.0,0.0,0.0,0.0,0.0,0.0,0.0,0.0,0.0,0.0,0.0,0.0,0.0,0.0,0.0,0.0,0.0,0.0,0.0,0.0,0.0,0.0,0.0,0.0,0.0,0.0,0.0,0.0,0.0,0.0,0.0,0.0,0.0,0.0,0.0,0.0,0.0,0.0,0.0,0.0,0.0,0.0,0.0,0.0,0.0,0.0,0.0,0.0,0.0,0.0,0.0,0.0,0.0,0.0,0.0,0.0,0.0,0.0,0.0,0.0,0.0,0.0,0.0,0.0,0.0,0.0,0.0,0.0,0.0,0.0,0.0,0.0,0.0,0.0,0.0,0.0,0.0,0.0,0.0,0.007527684459375389
SNX6,0.0,0.0,0.0,0.0,0.0,0.0,0.0,0.0,0.0,0.0,0.0,0.0,0.0,0.0,0.09899784923301161,0.0,0.0569299483817916,0.056655112959704226,0.0,0.0,0.0,0.0,0.0,0.0,0.0,0.0,0.0,0.0,0.0,0.0,0.0,0.0,0.0,0.0,0.0,0.0,0.0,0.0,0.0,0.0,0.0,0.0,0.0,0.0,0.0,0.0,0.0,0.0,0.0,0.0,0.0,0.0,0.0,0.0,0.0,0.0,0.0,0.0,0.0,0.0,0.0,0.0,0.0,0.0,0.0,0.0,0.09998293606356316,0.0,0.0,0.0,0.0,0.0,0.0,0.0,0.0,0.0,0.0,0.05359640235340123,0.15042855365363764,0.0
SORL1,0.0,0.012287811727901315,0.0,0.010206366981282994,0.0,0.0,0.0,0.0,0.0,0.0,0.0,0.0,0.0,0.004117385662738406,0.0,0.0,0.16348265543898338,0.049155512895714466,0.10852805773298496,0.0,0.0,0.0,0.0,0.0,0.0,0.0,0.0,0.0,0.04838621376135374,0.2213732913844896,0.018346220160329905,0.0,0.0,0.0,0.0,0.0,0.0,0.0,0.0,0.0,0.0,0.0,0.0,0.01217476314900727,0.0,0.0,0.0,0.0,0.0,0.014961872767023944,0.0,0.0,0.0,0.0,0.0,0.0,0.0,0.0,0.0,0.0,0.0,0.0,0.0,0.0,0.0,0.0,0.0,0.0,0.0,0.047168986295526044,0.0,0.0,0.0,0.0,0.0,0.0,0.004311487939707425,0.11535043281963775,0.0,0.041729856556284334
SORT1,0.0,0.017653353241259176,0.0,0.0,0.0,0.0,0.0,0.08176474875297983,0.0,0.0,0.0,0.0,0.0,0.050705487122060466,0.0,0.0,0.0,0.0,0.0,0.044551805044526216,0.0,0.0,0.0,0.0,0.0,0.0,0.0,0.0,0.0,0.0,0.0009566469364901615,0.0,0.0,0.0,0.0,0.0,0.0,0.008450559021667645,0.0,0.0,0.0,0.0,0.011608098259833983,0.0,0.0,0.0,0.0,0.0,0.0,0.0,0.0,0.0,0.0,0.024443733447092914,0.0,0.0,0.0,0.0,0.0,0.0,0.0,0.0,0.0,0.0,0.0,0.0,0.0,0.0,0.0,0.0,0.0,0.0,0.0,0.0,0.0,0.0,0.0,0.0,0.0,0.016551307346380134
SREBF2,0.051058013813953106,0.0,0.0,0.0,0.0,0.0,0.0,0.0,0.0,0.0,0.0,0.0,0.0,0.048581077148779905,0.0,0.0,0.0,0.0,0.0,0.0,0.0,0.0,0.0,0.0,0.0,0.0,0.0,0.0,0.0,0.0,0.0,0.0,0.0,0.0,0.0,0.0,0.0,0.10239671949238097,0.0,0.0,0.0,0.0,0.0,0.0,0.04881292157476763,0.0,0.0,0.0,0.0,0.0,0.0,0.0,0.0,0.0,0.0,0.0,0.0,0.0,0.0,0.054743257797378965,0.0,0.0,0.0,0.07713024718026157,0.0,0.0,0.0,0.0,0.0,0.0,0.0,0.0,0.0,0.0,0.0,0.0,0.0,0.0,0.0,0.0
SYK,0.0,0.0,0.0,0.0,0.0,0.0,0.0,0.0,0.0,0.0,0.0,0.0,0.0,0.0,0.0,0.0,0.0,0.0025999424188353627,0.0,0.0,0.0,0.0,0.0,0.0,0.0,0.0,0.0,0.0,0.0,0.0,0.0,0.0,0.0,0.0,0.0,0.08873161651578115,0.0,0.0,0.0,0.0,0.0,0.0,0.0,0.0,0.0,0.0,0.0,0.0,0.0,0.0,0.0,0.0,0.0,0.0,0.0,0.0,0.0,0.0,0.0,0.008232378217351358,0.0,0.0,0.0,0.0,0.0,0.0,0.0,0.0,0.0,0.0,0.0,0.0,0.0,0.0,0.0,0.0,0.0,0.0,0.0,0.0
TMED10,0.0,0.0,0.0,0.0,0.0,0.0,0.0,0.0,0.0,0.0,0.0,0.0,0.0,0.0,0.0,0.0,0.07332842528891242,0.0,0.0,0.0,0.23683855027640022,0.29970138111235534,0.2584262073623776,0.0,0.0,0.16486428838052578,0.0,0.0,0.0,0.0,0.0,0.0,0.0,0.0,0.0,0.0,0.0,0.0,0.0,0.0,0.0,0.0712639755416911,0.0,0.0,0.0,0.0,0.0,0.0,0.0,0.0,0.0,0.0,0.0,0.0,0.0,0.0,0.0,0.04377006345651362,0.08112515330880392,0.0,0.0,0.0014632325494587533,0.0,0.0,0.05014451021169946,0.0,0.0,0.0,0.0,0.0,0.0,0.0,0.0,0.0,0.0,0.0,0.0,0.0,0.0,0.0
TMED2,0.0,0.0,0.0,0.0,0.0,0.0,0.0,0.0,0.0,0.0,0.0,0.0,0.0,0.0,0.0,0.0,0.0,0.0,0.0,0.0,0.16504914769192486,0.13714961161769673,0.01903873158072486,0.0,0.07157468138431185,0.009543361950976733,0.0,0.0,0.0,0.0,0.0,0.0011789653564100765,0.0,0.0,0.0,0.0,0.0,0.0,0.0,0.0,0.0,0.0,0.0,0.0,0.0,0.0,0.0,0.0,0.0,0.0,0.0,0.0,0.0,0.0,0.047094331573614895,0.1057548125633232,0.055738281874900014,0.0,0.0,0.013484775769210262,0.0,0.0,0.0,0.0,0.022352690236228868,0.0,0.0,0.0,0.0,0.0,0.0,0.0,0.5143408165804583,0.0,0.0,0.0,0.0,0.0,0.0,0.0
TMED9,0.0,0.0,0.0,0.0,0.0,0.0,0.0,0.0,0.0,0.0,0.0,0.0,0.0,0.0,0.04105369807497467,0.0,0.0,0.0,0.0,0.0,0.0,0.0,0.0,0.0,0.031099024156135018,0.0,0.0,0.0,0.0,0.0,0.0,0.0,0.0,0.0,0.0,0.0,0.0,0.0,0.0,0.0,0.0,0.0,0.0,0.0,0.0,0.0,0.0,0.0,0.0,0.0,0.0,0.0,0.0,0.0,0.0,0.0,0.0,0.0,0.0,0.0,0.0,0.0,0.0,0.0,0.0,0.0,0.0,0.0,0.0,0.0,0.0,0.0,0.3535377450718996,0.3558356885120603,0.0,0.0,0.0,0.0,0.0,0.0
VDAC1,0.0,0.0,0.0,0.0,0.0,0.0,0.0,0.0,0.0,0.0,0.0,0.0,0.0,0.009264295490499298,0.015589327929753462,0.0,0.0,0.0,0.001213316980394248,0.0,0.0,0.0,0.0,0.0,0.0,0.0,0.0,0.0,0.0,0.0,0.0,0.0,0.031196430793295295,0.20712063847562168,0.012920954869443111,0.0,0.0,0.0,0.0,0.0,0.0,0.016382445475390604,0.0,0.0,0.0,0.0,0.0,0.0,0.0,0.0,0.0,0.0,0.0,0.053371016192964686,0.0,0.01942018165982332,0.0,0.0,0.0,0.0,0.0,0.0,0.0,0.0,0.0,0.0,0.0,0.0,0.0,0.0,0.0,0.0,0.0,0.0,0.0,0.0,0.0,0.0,0.0,0.0033683499528964255
VLDLR,0.0,0.0,0.0,0.0,0.0032634778435450327,0.0,0.0,0.0,0.0,0.0,0.0,0.0,0.0,0.05593842762935708,0.0,0.0,0.0,0.0,0.055035460992907806,0.0,0.0,0.0,0.0,0.0,0.0,0.0,0.0,0.0,0.01592776266908406,0.0,0.0,0.0,0.0,0.0,0.0,0.0,0.0,0.015882614337261593,0.0,0.0,0.0,0.0,0.0,0.0,0.0,0.0,0.0,0.0,0.0,0.020380028084395388,0.0,0.0,0.0,0.0,0.0,0.0,0.0,0.0,0.0,0.0,0.0,0.0,0.0,0.0,0.0,0.0,0.0,0.0,0.0,0.0,0.017747026006361993,0.0,0.0,0.0,0.0,0.0,0.0,0.0,0.0,0.0
VPS26A,0.0,0.0,0.0,0.0,0.0,0.0,0.0,0.0,0.0,0.0,0.0,0.0,0.0,0.0,0.14680424465418868,0.0,0.0,0.0,0.0,0.0,0.0,0.0,0.0,0.0,0.0,0.0,0.0,0.0,0.0,0.0,0.0,0.0,0.0,0.0,0.0,0.0,0.0,0.0,0.0,0.0,0.0,0.0,0.0,0.0,0.0,0.0,0.0,0.0,0.0,0.0,0.0,0.0,0.0,0.0,0.0,0.0,0.0,0.0,0.0,0.0,0.0,0.0,0.0,0.0,0.0,0.0,0.022503066176078494,0.0,0.0,0.030253648305160065,0.0,0.0,0.0,0.0,0.0,0.0,0.0,0.0,0.37010078387458006,0.3316927069446666
VPS29,0.0,0.0,0.0,0.0,0.0,0.0,0.0,0.0,0.0,0.0,0.0,0.0,0.0,0.0,0.0,0.0,0.0031497716997870326,0.0,0.0,0.0,0.0,0.0,0.0,0.0,0.0,0.0,0.0,0.0,0.0,0.0,0.0,0.0,0.0,0.0,0.0,0.0,0.0,0.0,0.0,0.0,0.0,0.0,0.0,0.0,0.0,0.0,0.0,0.0,0.0,0.0,0.0,0.0,0.0,0.0,0.0,0.0,0.0,0.0,0.0,0.0,0.0,0.0,0.0,0.0,0.0,0.0,0.023182424145470056,0.0,0.05481469631525622,0.007723919728399012,0.0,0.0,0.0,0.0,0.0,0.0,0.0,0.0,0.0,0.0
VPS35,0.0,0.0,0.0,0.0,0.0,0.0,0.0,0.0,0.0,0.0,0.0,0.0,0.0,0.0,0.21857053982473917,0.0,0.0,0.01286194208926572,0.0,0.0,0.0,0.0,0.0,0.0,0.0,0.0,0.0,0.0,0.0,0.0,0.0,0.0,0.0,0.0,0.0,0.0,0.0,0.0,0.0,0.0,0.0,0.02622584830871505,0.0,0.0,0.0,0.0,0.0,0.0,0.0,0.00026022503066176083,0.012712988144119164,0.0,0.0,0.0,0.0,0.0,0.0,0.0,0.0,0.0,0.0,0.0,0.0,0.0,0.0,0.0,0.0,0.08681597611048898,0.0,0.0,0.0,0.0,0.0,0.0,0.0,0.0,0.0,0.0,0.44180664427025007,0.0
