protein_a,protein_b,n_datasets,prior_C_a_to_b,prior_C_b_to_a,dir_ROSMAP,W_ROSMAP,beta_ROSMAP,dir_Diverse,W_Diverse,beta_Diverse,dir_Banner,W_Banner,beta_Banner,direction_consistent,mean_W
AP2A1,AP2B1,3,1.0,1.0,AP2A1->AP2B1,0.7317,0.5775,AP2B1->AP2A1,0.8012,0.7412,AP2B1->AP2A1,0.8434,0.7454,0,0.7921
COPB1,COPG1,3,1.0,1.0,COPB1->COPG1,0.6281,0.4257,COPB1->COPG1,0.6619,0.5039,COPG1->COPB1,0.4058,0.0684,0,0.5652666666666667
COPB1,COPB2,3,1.0,1.0,COPB2->COPB1,0.4935,0.4956,COPB1->COPB2,0.6386,0.4275,COPB2->COPB1,0.531,0.1839,0,0.5543666666666667
TMED10,TMED2,3,1.0,1.0,TMED10->TMED2,0.3896,0.542,TMED10->TMED2,0.6516,0.578,TMED2->TMED10,0.5143,0.647,0,0.5185
SEC23A,SEC24C,3,1.0,1.0,SEC24C->SEC23A,0.5014,0.5325,SEC24C->SEC23A,0.6678,0.5419,SEC23A->SEC24C,0.3666,0.2899,0,0.5119333333333334
COPB1,COPE,3,1.0,1.0,COPB1->COPE,0.5092,0.5909,COPB1->COPE,0.4989,0.3037,COPE->COPB1,0.4479,0.1612,0,0.48533333333333334
COPA,COPB1,3,1.0,1.0,COPB1->COPA,0.3401,0.1062,COPA->COPB1,0.7119,0.5629,COPA->COPB1,0.3717,0.0735,0,0.47456666666666664
SEC13,SEC31A,3,1.0,1.0,SEC31A->SEC13,0.4368,0.3277,SEC31A->SEC13,0.6451,0.3643,SEC31A->SEC13,0.2948,0.0081,1,0.45890000000000003
COPB2,COPE,3,1.0,1.0,COPB2->COPE,0.4676,0.5579,COPB2->COPE,0.5073,0.3412,COPE->COPB2,0.4012,0.3086,0,0.45870000000000005
COPA,COPG1,3,1.0,1.0,COPG1->COPA,0.3715,0.2016,COPA->COPG1,0.6643,0.4303,COPA->COPG1,0.3341,0.2553,0,0.4566333333333334
COPB2,COPG1,3,1.0,1.0,COPB2->COPG1,0.4134,0.3334,COPG1->COPB2,0.4965,0.1245,COPG1->COPB2,0.4558,0.2496,0,0.4552333333333333
VPS29,VPS35,3,1.0,1.0,VPS35->VPS29,0.3186,0.1995,VPS35->VPS29,0.5842,0.3721,VPS35->VPS29,0.4418,0.3956,1,0.4482
TMED10,TMED9,3,0.8,0.8,TMED10->TMED9,0.4037,0.5392,TMED9->TMED10,0.5431,0.6757,TMED9->TMED10,0.3535,0.1846,0,0.43343333333333334
COPB2,COPZ1,3,1.0,1.0,COPZ1->COPB2,0.341,0.1863,COPB2->COPZ1,0.5314,0.7592,COPZ1->COPB2,0.3837,0.0769,0,0.4187
COPA,COPB2,3,1.0,1.0,COPB2->COPA,0.2206,0.0585,COPB2->COPA,0.6358,0.4201,COPA->COPB2,0.3909,0.0312,0,0.4157666666666667
COPE,COPG1,3,1.0,1.0,COPE->COPG1,0.4545,0.0755,COPE->COPG1,0.3879,0.0455,COPE->COPG1,0.4025,0.2262,1,0.4149666666666667
VPS26A,VPS29,3,1.0,1.0,VPS26A->VPS29,0.1919,0.2724,VPS26A->VPS29,0.5949,0.344,VPS26A->VPS29,0.3701,0.2434,1,0.3856333333333333
COPB2,TMED10,3,1.0,1.0,COPB2->TMED10,0.3834,0.244,COPB2->TMED10,0.4059,-0.0054,TMED10->COPB2,0.2997,0.0221,0,0.363
COPB1,COPG2,3,1.0,1.0,COPB1->COPG2,0.2728,-0.0673,COPB1->COPG2,0.3935,0.4399,COPG2->COPB1,0.3826,0.1473,0,0.3496333333333333
COPB2,TMED9,3,1.0,1.0,COPB2->TMED9,0.273,0.1459,COPB2->TMED9,0.4199,0.3155,COPB2->TMED9,0.3441,0.373,1,0.34566666666666673
AP1G1,AP2A1,3,0.6,0.6,AP2A1->AP1G1,0.3275,0.5574,AP2A1->AP1G1,0.4136,0.3116,AP1G1->AP2A1,0.2712,-0.0976,0,0.3374333333333334
COPE,COPZ1,3,1.0,1.0,COPZ1->COPE,0.3549,0.1813,COPZ1->COPE,0.4156,0.0941,COPZ1->COPE,0.2181,0.1662,1,0.3295333333333333
COPB1,TMED10,3,1.0,1.0,COPB1->TMED10,0.3983,0.6316,COPB1->TMED10,0.3136,0.1914,TMED10->COPB1,0.2368,0.0178,0,0.3162333333333333
TMED2,TMED9,3,0.8,0.8,TMED2->TMED9,0.1338,-0.01,TMED9->TMED2,0.4544,0.2119,TMED9->TMED2,0.3558,0.5243,0,0.3146666666666667
COPE,TMED10,3,1.0,1.0,COPE->TMED10,0.2823,0.035,COPE->TMED10,0.3633,0.0259,TMED10->COPE,0.2584,0.2756,0,0.3013333333333333
SEC23A,SEC24B,3,1.0,1.0,SEC24B->SEC23A,0.2017,0.3442,SEC23A->SEC24B,0.4874,0.1906,SEC23A->SEC24B,0.1998,0.2131,0,0.2963
AP2B1,PICALM,3,1.0,1.0,PICALM->AP2B1,0.2976,0.007,AP2B1->PICALM,0.2785,0.0929,AP2B1->PICALM,0.2935,0.3876,0,0.28986666666666666
HSPA5,HSPA9,3,0.8,0.8,HSPA5->HSPA9,0.3263,0.4301,HSPA5->HSPA9,0.2907,0.3068,HSPA5->HSPA9,0.2432,0.313,1,0.28673333333333334
COPA,COPG2,3,1.0,1.0,COPA->COPG2,0.2446,0.5225,COPA->COPG2,0.3963,0.61,COPG2->COPA,0.2058,0.0668,0,0.28223333333333334
HSPA9,MFN2,3,0.6,0.6,HSPA9->MFN2,0.2559,0.3123,MFN2->HSPA9,0.3247,0.4959,HSPA9->MFN2,0.2314,0.3538,0,0.27066666666666667
AP2A1,PICALM,3,1.0,1.0,AP2A1->PICALM,0.2951,0.0595,AP2A1->PICALM,0.3185,0.1488,AP2A1->PICALM,0.1909,-0.0632,1,0.2681666666666666
HSPA5,TMED10,3,0.8,0.4,HSPA5->TMED10,0.3047,0.1749,HSPA5->TMED10,0.2747,-0.0058,HSPA5->TMED10,0.1926,0.1024,1,0.25733333333333336
SEC13,SEC23A,3,0.8,0.8,SEC13->SEC23A,0.204,0.0892,SEC23A->SEC13,0.3046,0.0505,SEC23A->SEC13,0.2328,0.3078,0,0.24713333333333332
SEC24C,SEC31A,3,0.6,0.6,SEC24C->SEC31A,0.288,0.3402,SEC24C->SEC31A,0.305,0.3857,SEC31A->SEC24C,0.1471,0.2405,0,0.2467
APOE,CLU,3,0.6,0.6,CLU->APOE,0.1912,0.6887,CLU->APOE,0.2783,1.0294,CLU->APOE,0.2655,0.6083,1,0.24500000000000002
AP1G1,AP2B1,3,0.4,0.4,AP2B1->AP1G1,0.2051,-0.0028,AP2B1->AP1G1,0.2857,0.0452,AP2B1->AP1G1,0.2424,0.5556,1,0.24440000000000003
EIF2S1,HSPA5,3,0.6,0.6,EIF2S1->HSPA5,0.2598,0.6119,EIF2S1->HSPA5,0.2717,0.7015,EIF2S1->HSPA5,0.1806,0.5042,1,0.23736666666666664
RTN3,RTN4,3,0.8,0.8,RTN3->RTN4,0.1216,0.4444,RTN4->RTN3,0.3231,0.4104,RTN3->RTN4,0.259,0.4475,0,0.23456666666666667
HSPA9,VDAC1,3,0.8,0.8,HSPA9->VDAC1,0.1117,0.0408,VDAC1->HSPA9,0.35,0.0857,VDAC1->HSPA9,0.2071,0.1519,0,0.22293333333333334
COPG1,TMED9,3,1.0,1.0,COPG1->TMED9,0.1294,0.1635,COPG1->TMED9,0.19,-0.1337,COPG1->TMED9,0.3259,0.082,1,0.21509999999999999
LRP1,SORL1,3,0.6,0.6,SORL1->LRP1,0.1525,0.3064,SORL1->LRP1,0.2666,0.2754,LRP1->SORL1,0.2175,0.7532,0,0.21220000000000003
SEC13,SEC24C,3,0.6,0.6,SEC13->SEC24C,0.2126,0.3006,SEC13->SEC24C,0.2563,0.2407,SEC13->SEC24C,0.1455,0.2434,1,0.20479999999999998
APP,CLU,3,0.6,0.6,APP->CLU,0.0941,-0.127,CLU->APP,0.2018,0.2895,CLU->APP,0.2913,0.5254,0,0.19573333333333331
RAB1A,RAB1B,3,0.4,0.4,RAB1A->RAB1B,0.1793,0.685,RAB1A->RAB1B,0.1979,0.666,RAB1B->RAB1A,0.1895,0.5797,0,0.18889999999999998
MIA3,PREB,3,0.6,0.6,MIA3->PREB,0.1619,0.1133,PREB->MIA3,0.2276,0.2415,PREB->MIA3,0.1511,0.8838,0,0.1802
HSPA5,MIA3,3,0.4,0.4,MIA3->HSPA5,0.1915,0.4815,MIA3->HSPA5,0.1418,0.4971,HSPA5->MIA3,0.1755,0.0723,0,0.1696
GGA2,SORL1,3,0.8,0.8,GGA2->SORL1,0.1136,-0.0494,SORL1->GGA2,0.1556,0.0582,SORL1->GGA2,0.2214,0.4625,0,0.16353333333333334
BACE1,SORL1,3,0.4,0.8,SORL1->BACE1,0.1669,-0.2424,SORL1->BACE1,0.1528,-0.0668,SORL1->BACE1,0.1635,-0.2654,1,0.16106666666666666
RAB1B,TMED2,3,0.6,0.6,RAB1B->TMED2,0.1816,0.4544,RAB1B->TMED2,0.1619,0.1648,RAB1B->TMED2,0.1138,-0.002,1,0.15243333333333334
SEC24C,TMED10,3,0.6,0.6,SEC24C->TMED10,0.1332,-0.1886,TMED10->SEC24C,0.1928,0.0231,SEC24C->TMED10,0.1189,0.3122,0,0.14830000000000002
ADAM10,VDAC1,3,0.6,0.6,ADAM10->VDAC1,0.0912,-0.0735,VDAC1->ADAM10,0.1396,-0.1599,ADAM10->VDAC1,0.1877,-0.4167,0,0.13949999999999999
AP1G1,PICALM,3,0.6,0.6,AP1G1->PICALM,0.1293,0.1179,AP1G1->PICALM,0.1109,-0.1271,AP1G1->PICALM,0.1776,0.0449,1,0.13926666666666668
AP2B1,SEC24C,3,0.4,0.4,SEC24C->AP2B1,0.1398,0.1391,AP2B1->SEC24C,0.1375,0.1804,AP2B1->SEC24C,0.1133,0.1313,0,0.1302
AP2A1,ARF6,3,0.6,0.6,ARF6->AP2A1,0.0802,0.0463,AP2A1->ARF6,0.1564,0.0162,AP2A1->ARF6,0.121,-0.0046,0,0.11920000000000001
SEC24B,TMED2,3,0.6,0.6,SEC24B->TMED2,0.0962,0.372,TMED2->SEC24B,0.1336,0.042,SEC24B->TMED2,0.1252,-0.1203,0,0.11833333333333333
AP1G1,VPS35,3,0.2,0.2,AP1G1->VPS35,0.132,1.0704,VPS35->AP1G1,0.1202,0.2152,AP1G1->VPS35,0.0951,0.5817,0,0.11576666666666667
CLU,SORL1,3,0.4,0.4,CLU->SORL1,0.0658,-0.1083,CLU->SORL1,0.1687,-0.2284,SORL1->CLU,0.1085,-0.6554,0,0.11433333333333333
AP2B1,GGA3,3,0.4,0.4,GGA3->AP2B1,0.0531,0.0207,AP2B1->GGA3,0.1923,0.6075,AP2B1->GGA3,0.0747,0.1903,0,0.1067
BIN1,SNX4,3,0.4,0.4,SNX4->BIN1,0.0471,0.0797,SNX4->BIN1,0.1376,0.2821,BIN1->SNX4,0.1351,0.4517,0,0.10659999999999999
SAR1B,SEC24B,3,0.6,0.6,SAR1B->SEC24B,0.0816,0.0789,SAR1B->SEC24B,0.097,0.0756,SEC24B->SAR1B,0.1242,0.245,0,0.10093333333333333
ITPR2,MFN2,3,0.4,0.4,MFN2->ITPR2,0.0714,-0.1756,MFN2->ITPR2,0.1014,-0.2756,MFN2->ITPR2,0.1273,-0.4385,1,0.10003333333333335
AP1G1,SORT1,3,0.6,0.6,AP1G1->SORT1,0.0813,-0.234,AP1G1->SORT1,0.0841,0.2308,AP1G1->SORT1,0.1324,-0.4155,1,0.09926666666666666
COPA,HSPA5,3,0.4,0.4,COPA->HSPA5,0.0495,0.0371,HSPA5->COPA,0.1226,0.0116,HSPA5->COPA,0.1066,0.1486,0,0.0929
APP,VPS26A,3,0.2,0.6,APP->VPS26A,0.0297,-0.0373,VPS26A->APP,0.0709,-0.3204,VPS26A->APP,0.1468,-0.8962,0,0.08246666666666667
AP2A1,BIN1,3,0.4,0.4,AP2A1->BIN1,0.0546,0.3264,AP2A1->BIN1,0.0945,-0.1443,BIN1->AP2A1,0.0899,0.0668,0,0.07966666666666666
COPB1,SEC31A,3,0.2,0.2,COPB1->SEC31A,0.0855,0.206,SEC31A->COPB1,0.1002,0.0964,SEC31A->COPB1,0.0388,0.0712,0,0.07483333333333334
COPA,SEC31A,3,0.2,0.2,SEC31A->COPA,0.0416,0.0327,SEC31A->COPA,0.1101,0.1683,SEC31A->COPA,0.0692,0.1626,1,0.07363333333333333
COPB1,SEC13,3,0.2,0.2,COPB1->SEC13,0.0694,0.0572,COPB1->SEC13,0.0797,0.0461,SEC13->COPB1,0.0552,0.0214,0,0.06810000000000001
COPA,SEC13,3,0.2,0.2,COPA->SEC13,0.0399,0.0571,COPA->SEC13,0.0895,0.0876,SEC13->COPA,0.0629,0.3252,0,0.06409999999999999
COPG1,SEC13,3,0.2,0.2,SEC13->COPG1,0.0556,0.0475,SEC13->COPG1,0.0629,-0.0486,COPG1->SEC13,0.0713,0.449,0,0.06326666666666667
BACE1,SORT1,3,0.2,0.6,BACE1->SORT1,0.0237,0.0508,SORT1->BACE1,0.126,0.1037,BACE1->SORT1,0.0387,-0.0211,0,0.06280000000000001
COPB1,HSPA5,3,0.2,0.2,HSPA5->COPB1,0.039,-0.0648,HSPA5->COPB1,0.0666,0.0548,HSPA5->COPB1,0.0757,0.079,1,0.06043333333333334
BIN1,SNX6,3,0.2,0.2,SNX6->BIN1,0.0515,0.3148,SNX6->BIN1,0.0648,0.531,SNX6->BIN1,0.0567,0.5203,1,0.057666666666666665
SAR1A,TMED10,3,0.2,0.2,SAR1A->TMED10,0.0499,0.1901,SAR1A->TMED10,0.0769,0.1881,SAR1A->TMED10,0.0446,-0.2219,1,0.057133333333333335
COPG2,SEC13,3,0.2,0.2,SEC13->COPG2,0.0516,0.288,SEC13->COPG2,0.0451,0.0407,COPG2->SEC13,0.064,0.1327,0,0.05356666666666667
COPE,PREB,3,0.2,0.2,COPE->PREB,0.0505,0.1125,COPE->PREB,0.0473,0.1274,PREB->COPE,0.0593,0.3015,0,0.052366666666666666
SAR1A,TMED2,3,0.2,0.2,TMED2->SAR1A,0.0339,0.0061,SAR1A->TMED2,0.076,0.0895,TMED2->SAR1A,0.0471,0.1805,0,0.052333333333333336
COPE,HSPA5,3,0.2,0.2,COPE->HSPA5,0.0379,0.0321,HSPA5->COPE,0.0705,0.0496,HSPA5->COPE,0.0483,0.0763,0,0.05223333333333333
COPB1,MIA3,3,0.2,0.2,MIA3->COPB1,0.0447,0.0916,COPB1->MIA3,0.0649,0.1013,MIA3->COPB1,0.043,0.0485,0,0.05086666666666667
COPB1,SEC23A,3,0.2,0.2,SEC23A->COPB1,0.0467,0.1746,SEC23A->COPB1,0.0641,-0.0285,SEC23A->COPB1,0.0415,-0.0066,1,0.050766666666666675
AP2B1,BIN1,3,0.2,0.2,BIN1->AP2B1,0.0507,0.0801,AP2B1->BIN1,0.0601,0.2712,BIN1->AP2B1,0.0413,0.1894,0,0.0507
HSPA5,SAR1B,3,0.2,0.2,HSPA5->SAR1B,0.0319,0.1224,HSPA5->SAR1B,0.0635,0.2907,SAR1B->HSPA5,0.0499,0.2766,0,0.04843333333333333
COPG1,SEC23A,3,0.2,0.2,COPG1->SEC23A,0.0239,-0.0956,SEC23A->COPG1,0.0496,-0.0669,SEC23A->COPG1,0.0661,0.237,0,0.046533333333333336
BACE1,CLU,3,0.2,0.2,BACE1->CLU,0.0347,0.2149,BACE1->CLU,0.0385,0.4281,BACE1->CLU,0.0565,0.4582,1,0.04323333333333334
APP,RTN4,3,0.2,0.2,APP->RTN4,0.0381,-0.1575,APP->RTN4,0.0256,-0.0264,RTN4->APP,0.0473,1.0485,0,0.037000000000000005
COPB1,COPZ1,2,1.0,1.0,COPZ1->COPB1,0.4731,0.2813,COPZ1->COPB1,0.4921,0.1182,,0.0,0.0,1,0.32173333333333337
AP2A1,AP3B2,2,0.6,0.6,,0.0,0.0,AP2A1->AP3B2,0.4611,0.8404,AP3B2->AP2A1,0.3818,0.1173,0,0.28096666666666664
VPS26A,VPS35,2,1.0,1.0,,0.0,0.0,VPS26A->VPS35,0.4711,0.5634,VPS26A->VPS35,0.3317,0.3999,1,0.2676
AP2B1,AP3B2,2,0.6,0.6,,0.0,0.0,AP2B1->AP3B2,0.3736,-0.009,AP3B2->AP2B1,0.3775,0.8163,0,0.2503666666666667
COPZ1,TMED10,2,1.0,1.0,COPZ1->TMED10,0.3565,0.0699,COPZ1->TMED10,0.3601,0.1097,,0.0,0.0,1,0.23886666666666664
SEC23A,SEC31A,2,0.8,0.8,SEC31A->SEC23A,0.2822,0.0759,SEC31A->SEC23A,0.4001,0.2482,,0.0,0.0,1,0.22743333333333335
COPA,TMED9,2,1.0,1.0,,0.0,0.0,COPA->TMED9,0.3531,0.2964,COPA->TMED9,0.2997,0.1347,1,0.21760000000000002
COPE,TMED9,2,1.0,1.0,,0.0,0.0,COPE->TMED9,0.3705,0.2015,COPE->TMED9,0.2724,0.1679,1,0.21430000000000002
COPB1,TMED9,2,1.0,1.0,,0.0,0.0,COPB1->TMED9,0.3161,-0.0812,COPB1->TMED9,0.3211,0.2392,1,0.2124
COPA,COPE,2,1.0,1.0,COPA->COPE,0.1191,-0.1919,COPE->COPA,0.518,0.1526,,0.0,0.0,0,0.21236666666666668
PLCG2,SYK,2,0.6,1.0,PLCG2->SYK,0.2461,0.3042,SYK->PLCG2,0.3795,0.4479,,0.0,0.0,0,0.20853333333333335
COPB2,TMED2,2,1.0,1.0,COPB2->TMED2,0.3098,0.4738,COPB2->TMED2,0.3051,-0.2287,,0.0,0.0,1,0.20496666666666666
COPG1,COPZ1,2,1.0,1.0,COPZ1->COPG1,0.3192,0.0112,COPG1->COPZ1,0.2662,-0.1127,,0.0,0.0,0,0.1951333333333333
COPA,COPZ1,2,1.0,1.0,COPA->COPZ1,0.1784,0.236,COPA->COPZ1,0.3999,0.1166,,0.0,0.0,1,0.19276666666666667
AP1G1,AP3B2,2,0.6,0.6,,0.0,0.0,AP3B2->AP1G1,0.355,0.1455,AP3B2->AP1G1,0.2012,-0.0242,1,0.1854
COPB2,COPG2,2,1.0,1.0,COPB2->COPG2,0.2636,0.1295,COPB2->COPG2,0.2878,0.1433,,0.0,0.0,1,0.1838
APOE,APP,2,0.6,0.2,,0.0,0.0,APOE->APP,0.2498,0.4941,APOE->APP,0.2857,0.0213,1,0.1785
APP,LRP1,2,0.8,0.8,,0.0,0.0,LRP1->APP,0.1548,2.1548,LRP1->APP,0.3737,1.5741,1,0.17616666666666667
COPB1,TMED2,2,1.0,1.0,COPB1->TMED2,0.2087,-0.0427,COPB1->TMED2,0.2776,0.3248,,0.0,0.0,1,0.1621
AP4B1,AP4E1,2,1.0,1.0,,0.0,0.0,AP4B1->AP4E1,0.176,0.1459,AP4E1->AP4B1,0.3023,0.6918,0,0.15943333333333334
COPE,TMED2,2,1.0,1.0,TMED2->COPE,0.1851,-0.0013,COPE->TMED2,0.2795,0.0432,,0.0,0.0,0,0.15486666666666668
NCSTN,PSEN1,2,1.0,1.0,NCSTN->PSEN1,0.1352,0.0457,PSEN1->NCSTN,0.3282,0.3095,,0.0,0.0,0,0.15446666666666667
AP2B1,AP4M1,2,0.8,0.8,AP2B1->AP4M1,0.17,-0.1949,,0.0,0.0,AP2B1->AP4M1,0.2888,-1.683,1,0.15293333333333334
COPZ1,TMED9,2,1.0,1.0,COPZ1->TMED9,0.1199,-0.0035,COPZ1->TMED9,0.3085,0.0486,,0.0,0.0,1,0.1428
COPE,COPG2,2,1.0,1.0,COPE->COPG2,0.251,0.2421,COPE->COPG2,0.1672,-0.1684,,0.0,0.0,1,0.1394
SEC24B,SEC31A,2,0.6,0.6,SEC24B->SEC31A,0.1095,0.0795,SEC31A->SEC24B,0.2843,0.1675,,0.0,0.0,0,0.13126666666666667
AP4E1,AP4M1,2,1.0,1.0,AP4E1->AP4M1,0.2091,0.1467,AP4E1->AP4M1,0.1781,0.1454,,0.0,0.0,1,0.12906666666666666
COPG1,TMED10,2,1.0,1.0,COPG1->TMED10,0.2055,-0.4913,COPG1->TMED10,0.1647,0.0051,,0.0,0.0,1,0.1234
GGA1,GGA3,2,0.6,0.6,GGA1->GGA3,0.1161,0.1452,GGA3->GGA1,0.2369,0.1982,,0.0,0.0,0,0.11766666666666666
ADAM10,APP,2,1.0,0.6,,0.0,0.0,ADAM10->APP,0.1001,0.2474,ADAM10->APP,0.2515,0.909,1,0.11720000000000001
SAR1A,SEC24C,2,0.6,0.6,SEC24C->SAR1A,0.1178,0.1303,SAR1A->SEC24C,0.2284,0.1186,,0.0,0.0,0,0.1154
MAPK14,MAPKAPK2,2,1.0,1.0,MAPK14->MAPKAPK2,0.1337,0.1587,MAPKAPK2->MAPK14,0.2075,0.2334,,0.0,0.0,0,0.11373333333333334
MIA3,SEC24C,2,0.6,0.6,,0.0,0.0,SEC24C->MIA3,0.2074,0.0914,SEC24C->MIA3,0.133,0.3106,1,0.11346666666666667
SAR1A,SEC31A,2,0.6,0.6,SAR1A->SEC31A,0.1697,0.1303,SEC31A->SAR1A,0.1669,0.088,,0.0,0.0,0,0.11220000000000001
APP,VPS35,2,0.4,0.8,,0.0,0.0,VPS35->APP,0.1166,0.6002,VPS35->APP,0.2186,1.946,1,0.11173333333333334
APBA1,APBA2,2,0.8,0.8,,0.0,0.0,APBA1->APBA2,0.1525,0.1357,APBA1->APBA2,0.1671,0.1619,1,0.10653333333333333
SEC13,TMED10,2,0.6,0.6,SEC13->TMED10,0.1709,0.1688,SEC13->TMED10,0.1479,0.0914,,0.0,0.0,1,0.10626666666666666
SEC23B,SEC24A,2,1.0,1.0,SEC24A->SEC23B,0.1488,0.2264,SEC23B->SEC24A,0.163,0.0757,,0.0,0.0,0,0.10393333333333332
SEC24C,TMED2,2,0.6,0.6,,0.0,0.0,TMED2->SEC24C,0.1848,0.1134,SEC24C->TMED2,0.1254,0.2212,0,0.1034
AP4E1,AP4S1,2,1.0,1.0,AP4S1->AP4E1,0.1618,0.1046,AP4S1->AP4E1,0.1481,0.0923,,0.0,0.0,1,0.1033
COPG1,RAB1A,2,0.6,0.6,COPG1->RAB1A,0.0903,-0.2528,,0.0,0.0,COPG1->RAB1A,0.2193,-0.308,1,0.1032
SEC23A,TMED2,2,0.6,0.6,SEC23A->TMED2,0.1314,0.2791,SEC23A->TMED2,0.1778,0.1872,,0.0,0.0,1,0.10306666666666668
ITPR1,MFN2,2,0.6,0.6,,0.0,0.0,MFN2->ITPR1,0.1636,0.1947,MFN2->ITPR1,0.1451,0.3909,1,0.10289999999999999
AP1G1,AP4M1,2,0.6,0.6,,0.0,0.0,AP4M1->AP1G1,0.0793,0.0134,AP1G1->AP4M1,0.2286,-0.8113,0,0.10263333333333334
MAP2K3,MAPKAPK2,2,1.0,1.0,MAPKAPK2->MAP2K3,0.1836,0.1907,MAP2K3->MAPKAPK2,0.122,-0.085,,0.0,0.0,0,0.10186666666666666
AP2B1,BACE1,2,0.6,0.6,,0.0,0.0,BACE1->AP2B1,0.1782,0.2331,BACE1->AP2B1,0.1176,-0.1277,1,0.09860000000000001
RAB1A,SEC23A,2,0.6,0.6,,0.0,0.0,RAB1A->SEC23A,0.144,0.0414,SEC23A->RAB1A,0.1481,-0.1245,0,0.09736666666666667
SAR1A,SEC13,2,0.6,0.6,SEC13->SAR1A,0.1216,0.2362,SAR1A->SEC13,0.1703,0.0957,,0.0,0.0,0,0.0973
AP1G1,GGA1,2,0.6,0.6,AP1G1->GGA1,0.1033,0.1482,AP1G1->GGA1,0.1859,0.2502,,0.0,0.0,1,0.0964
SEC31A,TMED10,2,0.6,0.6,SEC31A->TMED10,0.1637,0.0015,SEC31A->TMED10,0.1224,-0.1016,,0.0,0.0,1,0.09536666666666667
PICALM,SEC24C,2,0.4,0.4,SEC24C->PICALM,0.1304,0.0895,SEC24C->PICALM,0.1513,0.1905,,0.0,0.0,1,0.09389999999999998
SEC24A,TMED10,2,0.6,0.6,SEC24A->TMED10,0.0999,0.0837,SEC24A->TMED10,0.1768,0.0664,,0.0,0.0,1,0.09223333333333333
AP2B1,ARF6,2,0.6,0.6,,0.0,0.0,AP2B1->ARF6,0.1252,0.1411,AP2B1->ARF6,0.1512,0.3057,1,0.09213333333333333
SEC23A,TMED10,2,0.6,0.6,SEC23A->TMED10,0.1232,-0.0604,SEC23A->TMED10,0.1447,-0.0488,,0.0,0.0,1,0.0893
RAB1A,SEC24C,2,0.6,0.6,,0.0,0.0,SEC24C->RAB1A,0.1283,0.2119,SEC24C->RAB1A,0.1379,0.1624,1,0.08873333333333333
SAR1B,SEC23B,2,1.0,1.0,SEC23B->SAR1B,0.1199,0.13,SAR1B->SEC23B,0.146,0.087,,0.0,0.0,0,0.08863333333333334
PREB,TMED10,2,0.6,0.6,PREB->TMED10,0.1403,0.0465,PREB->TMED10,0.1206,-0.0854,,0.0,0.0,1,0.08696666666666668
MFN2,TMED10,2,0.4,0.4,MFN2->TMED10,0.1245,-0.0143,MFN2->TMED10,0.134,0.0789,,0.0,0.0,1,0.08616666666666667
SEC24A,SEC31A,2,0.6,0.6,SEC31A->SEC24A,0.0815,0.4272,SEC31A->SEC24A,0.175,-0.0691,,0.0,0.0,1,0.0855
BACE1,BIN1,2,0.4,0.8,,0.0,0.0,BIN1->BACE1,0.0777,0.0185,BIN1->BACE1,0.1777,0.2948,1,0.08513333333333334
EIF2S1,TMED9,2,0.4,0.4,EIF2S1->TMED9,0.0969,-0.0545,EIF2S1->TMED9,0.1539,0.2493,,0.0,0.0,1,0.08360000000000001
COPA,SEC23A,2,0.4,0.4,,0.0,0.0,SEC23A->COPA,0.1563,0.0883,COPA->SEC23A,0.0911,0.1184,0,0.08246666666666667
PREB,SEC31A,2,0.4,0.4,PREB->SEC31A,0.0471,-0.0097,PREB->SEC31A,0.1979,0.2792,,0.0,0.0,1,0.08166666666666667
COPZ1,RAB1B,2,0.6,0.6,,0.0,0.0,COPZ1->RAB1B,0.0713,0.1221,RAB1B->COPZ1,0.1686,0.2465,0,0.07996666666666667
RAB1A,TMED9,2,0.6,0.6,,0.0,0.0,TMED9->RAB1A,0.1047,0.2313,RAB1A->TMED9,0.1333,-0.113,0,0.07933333333333333
COPA,SEC24C,2,0.4,0.4,COPA->SEC24C,0.0828,0.1015,SEC24C->COPA,0.1516,-0.0158,,0.0,0.0,0,0.07813333333333333
SNX6,VPS29,2,0.8,0.8,,0.0,0.0,VPS29->SNX6,0.0833,0.0289,SNX6->VPS29,0.1504,0.074,0,0.07790000000000001
SEC23A,TMED9,2,0.4,0.4,,0.0,0.0,TMED9->SEC23A,0.122,0.0575,SEC23A->TMED9,0.107,0.1653,0,0.07633333333333332
SEC24A,TMED2,2,0.6,0.6,TMED2->SEC24A,0.0704,0.1365,SEC24A->TMED2,0.1539,-0.0027,,0.0,0.0,0,0.07476666666666666
SEC13,SEC24A,2,0.6,0.6,SEC24A->SEC13,0.1034,0.039,SEC24A->SEC13,0.1196,-0.0435,,0.0,0.0,1,0.07433333333333333
PREB,SEC13,2,0.4,0.4,SEC13->PREB,0.0578,0.0159,PREB->SEC13,0.1642,0.0745,,0.0,0.0,0,0.074
MIA3,SEC24B,2,0.4,0.4,MIA3->SEC24B,0.0702,0.1125,MIA3->SEC24B,0.1474,0.0408,,0.0,0.0,1,0.07253333333333334
RAB1A,VDAC1,2,0.4,0.4,RAB1A->VDAC1,0.1001,0.3504,RAB1A->VDAC1,0.1128,0.7598,,0.0,0.0,1,0.07096666666666666
AP2B1,AP4E1,2,0.8,0.8,AP2B1->AP4E1,0.1028,-0.2001,AP2B1->AP4E1,0.106,-0.0925,,0.0,0.0,1,0.0696
GORASP1,TMED2,2,0.4,0.2,GORASP1->TMED2,0.1338,0.152,GORASP1->TMED2,0.0734,0.0131,,0.0,0.0,1,0.06906666666666667
GORASP1,RAB1B,2,0.6,0.6,RAB1B->GORASP1,0.1458,0.7202,GORASP1->RAB1B,0.0581,0.0466,,0.0,0.0,0,0.06796666666666668
GGA2,LRP1,2,0.4,0.4,LRP1->GGA2,0.0796,0.2744,LRP1->GGA2,0.1238,0.4113,,0.0,0.0,1,0.0678
SAR1B,TMED2,2,0.6,0.6,TMED2->SAR1B,0.0929,0.0762,SAR1B->TMED2,0.1096,0.0305,,0.0,0.0,0,0.0675
RAB1B,SEC24C,2,0.6,0.6,,0.0,0.0,RAB1B->SEC24C,0.0589,-0.0304,SEC24C->RAB1B,0.1407,-0.3457,0,0.06653333333333333
RAB1A,TMED2,2,0.6,0.6,,0.0,0.0,TMED2->RAB1A,0.0506,0.0155,RAB1A->TMED2,0.1457,-0.1936,0,0.06543333333333333
GGA2,PICALM,2,0.4,0.4,GGA2->PICALM,0.0542,-0.041,GGA2->PICALM,0.1418,0.0734,,0.0,0.0,1,0.06533333333333334
AP3B2,AP4E1,2,0.6,0.6,AP4E1->AP3B2,0.1189,0.3535,AP3B2->AP4E1,0.0749,0.1401,,0.0,0.0,0,0.0646
RAB1A,SEC13,2,0.6,0.6,,0.0,0.0,SEC13->RAB1A,0.0709,-0.02,SEC13->RAB1A,0.1227,-0.071,1,0.06453333333333333
APP,GGA2,2,0.6,0.6,,0.0,0.0,APP->GGA2,0.0732,-0.0358,GGA2->APP,0.1198,-1.6599,0,0.06433333333333334
ITPR1,SYK,2,0.6,0.6,ITPR1->SYK,0.0941,-0.1005,SYK->ITPR1,0.0985,-0.12,,0.0,0.0,0,0.0642
BIN1,PICALM,2,0.4,0.4,BIN1->PICALM,0.0588,0.0383,PICALM->BIN1,0.1306,0.3767,,0.0,0.0,0,0.06313333333333333
RAB1A,RTN4,2,0.4,0.4,RTN4->RAB1A,0.1141,0.0445,,0.0,0.0,RAB1A->RTN4,0.0742,-0.0485,0,0.06276666666666667
COPG1,RAB1B,2,0.6,0.6,RAB1B->COPG1,0.0888,-0.0582,COPG1->RAB1B,0.0984,-0.3466,,0.0,0.0,0,0.062400000000000004
SEC24D,SEC31A,2,0.6,0.6,SEC31A->SEC24D,0.0907,0.3331,SEC31A->SEC24D,0.0896,0.1777,,0.0,0.0,1,0.06010000000000001
SAR1A,SAR1B,2,0.4,0.4,SAR1B->SAR1A,0.0785,0.1511,SAR1A->SAR1B,0.1016,0.606,,0.0,0.0,0,0.06003333333333333
COPA,RTN4,2,0.4,0.4,COPA->RTN4,0.0713,-0.7993,COPA->RTN4,0.1086,0.5584,,0.0,0.0,1,0.05996666666666667
ARF6,COPB2,2,0.4,0.4,ARF6->COPB2,0.0895,0.047,COPB2->ARF6,0.0902,0.2426,,0.0,0.0,0,0.0599
HSPA9,RAB1A,2,0.4,0.4,HSPA9->RAB1A,0.0695,0.0886,RAB1A->HSPA9,0.107,0.0424,,0.0,0.0,0,0.05883333333333333
PICALM,SORL1,2,0.4,0.4,PICALM->SORL1,0.088,0.2048,PICALM->SORL1,0.0884,0.2982,,0.0,0.0,1,0.0588
GORASP1,TMED10,2,0.4,0.2,GORASP1->TMED10,0.1125,0.1309,GORASP1->TMED10,0.0621,0.0345,,0.0,0.0,1,0.0582
SNX6,VPS35,2,0.6,0.6,SNX6->VPS35,0.0949,-0.3816,VPS35->SNX6,0.0752,0.0708,,0.0,0.0,0,0.0567
COPG2,RAB1B,2,0.6,0.6,RAB1B->COPG2,0.1136,-0.2867,RAB1B->COPG2,0.0558,-0.1075,,0.0,0.0,1,0.056466666666666665
AP2B1,GGA2,2,0.4,0.4,GGA2->AP2B1,0.0753,-0.0682,AP2B1->GGA2,0.0922,0.2421,,0.0,0.0,0,0.05583333333333334
BACE1,NCSTN,2,0.6,0.6,,0.0,0.0,BACE1->NCSTN,0.0518,0.1611,BACE1->NCSTN,0.1145,0.2861,1,0.055433333333333334
AP2A1,SEC16A,2,0.4,0.4,SEC16A->AP2A1,0.0763,-0.3018,AP2A1->SEC16A,0.0881,0.0326,,0.0,0.0,0,0.054799999999999995
COPG1,SEC31A,2,0.2,0.2,COPG1->SEC31A,0.0785,0.1164,SEC31A->COPG1,0.0858,-0.0199,,0.0,0.0,0,0.054766666666666665
ARF6,COPB1,2,0.4,0.4,COPB1->ARF6,0.0774,0.6003,ARF6->COPB1,0.0836,0.0414,,0.0,0.0,0,0.05366666666666666
APP,SORT1,2,0.6,0.6,APP->SORT1,0.0974,-0.0677,SORT1->APP,0.0544,-0.4221,,0.0,0.0,0,0.0506
MFN2,PSEN1,2,0.4,0.4,PSEN1->MFN2,0.0739,0.0087,PSEN1->MFN2,0.0775,0.1081,,0.0,0.0,1,0.05046666666666666
ARF6,RAB1B,2,0.4,0.4,ARF6->RAB1B,0.1059,0.1689,RAB1B->ARF6,0.0389,-0.0635,,0.0,0.0,0,0.04826666666666666
COPZ1,RTN3,2,0.4,0.4,,0.0,0.0,RTN3->COPZ1,0.041,0.0861,COPZ1->RTN3,0.1022,-0.1439,0,0.04773333333333333
APP,SNX6,2,0.4,0.4,,0.0,0.0,SNX6->APP,0.0425,0.5626,SNX6->APP,0.099,2.051,1,0.04716666666666667
RTN4,VDAC1,2,0.4,0.4,VDAC1->RTN4,0.0575,0.5319,RTN4->VDAC1,0.0832,-0.0597,,0.0,0.0,0,0.0469
SORL1,VPS29,2,0.6,0.6,SORL1->VPS29,0.0883,0.0308,SORL1->VPS29,0.0521,0.1265,,0.0,0.0,1,0.0468
COPG2,TMED10,2,0.6,0.6,TMED10->COPG2,0.0722,0.0648,TMED10->COPG2,0.0679,-0.1018,,0.0,0.0,1,0.0467
COPB1,SEC24C,2,0.2,0.2,COPB1->SEC24C,0.0679,0.2286,SEC24C->COPB1,0.0685,0.0125,,0.0,0.0,0,0.045466666666666676
APP,TMED2,2,0.4,0.4,APP->TMED2,0.0563,0.0589,,0.0,0.0,APP->TMED2,0.0793,-0.0275,1,0.0452
COPB2,SEC31A,2,0.2,0.2,COPB2->SEC31A,0.0524,-0.0373,SEC31A->COPB2,0.0779,0.029,,0.0,0.0,0,0.04343333333333333
COPB2,SEC13,2,0.2,0.2,COPB2->SEC13,0.0558,0.1297,SEC13->COPB2,0.0718,0.0843,,0.0,0.0,0,0.04253333333333333
RAB1B,SAR1B,2,0.6,0.6,SAR1B->RAB1B,0.0771,-0.0932,SAR1B->RAB1B,0.05,0.0019,,0.0,0.0,1,0.042366666666666664
ABCA7,SORL1,2,0.4,0.4,ABCA7->SORL1,0.0838,-0.1195,ABCA7->SORL1,0.0359,0.0627,,0.0,0.0,1,0.0399
PICALM,SEC13,2,0.2,0.2,SEC13->PICALM,0.0367,0.0476,PICALM->SEC13,0.082,0.1365,,0.0,0.0,0,0.03956666666666667
BACE1,VPS26A,2,0.2,0.6,,0.0,0.0,BACE1->VPS26A,0.0728,0.1842,BACE1->VPS26A,0.0404,0.0546,1,0.037733333333333334
MIA3,SEC31A,2,0.2,0.2,MIA3->SEC31A,0.0317,0.026,SEC31A->MIA3,0.0806,0.0839,,0.0,0.0,0,0.03743333333333334
RAB1B,RTN4,2,0.4,0.4,RAB1B->RTN4,0.0663,0.4154,RTN4->RAB1B,0.0459,-0.1536,,0.0,0.0,0,0.037399999999999996
RAB1B,VDAC1,2,0.4,0.4,VDAC1->RAB1B,0.0677,0.0373,RAB1B->VDAC1,0.0443,-0.0283,,0.0,0.0,0,0.03733333333333333
COPG1,SEC24C,2,0.2,0.2,SEC24C->COPG1,0.0563,0.0209,SEC24C->COPG1,0.0539,-0.0255,,0.0,0.0,1,0.03673333333333333
MIA3,SEC13,2,0.2,0.2,MIA3->SEC13,0.0472,0.06,MIA3->SEC13,0.0625,0.014,,0.0,0.0,1,0.036566666666666664
COPE,RTN3,2,0.4,0.4,COPE->RTN3,0.0731,-0.4944,COPE->RTN3,0.0345,0.1958,,0.0,0.0,1,0.035866666666666665
AP1G1,COPB1,2,0.2,0.2,COPB1->AP1G1,0.0565,0.223,AP1G1->COPB1,0.0507,0.1208,,0.0,0.0,0,0.03573333333333333
SEC24B,SREBF2,2,0.2,0.6,SEC24B->SREBF2,0.0358,0.1645,SREBF2->SEC24B,0.0708,0.0037,,0.0,0.0,0,0.03553333333333333
EIF2S1,HSPA9,2,0.2,0.2,HSPA9->EIF2S1,0.0461,0.1193,EIF2S1->HSPA9,0.0602,0.1691,,0.0,0.0,0,0.03543333333333334
COPA,PREB,2,0.2,0.2,PREB->COPA,0.0294,0.034,PREB->COPA,0.0763,0.0405,,0.0,0.0,1,0.03523333333333333
COPB2,SAR1B,2,0.2,0.2,,0.0,0.0,SAR1B->COPB2,0.0581,0.1193,SAR1B->COPB2,0.0445,0.0273,1,0.0342
GGA3,SEC24C,2,0.2,0.2,GGA3->SEC24C,0.0306,0.1517,GGA3->SEC24C,0.0718,0.0823,,0.0,0.0,1,0.034133333333333335
OSBP,SEC24D,2,0.4,0.2,,0.0,0.0,SEC24D->OSBP,0.0567,0.0825,SEC24D->OSBP,0.0454,0.0584,1,0.03403333333333333
COPB2,SEC24C,2,0.2,0.2,SEC24C->COPB2,0.0538,0.157,COPB2->SEC24C,0.0477,0.0304,,0.0,0.0,0,0.03383333333333333
COPG2,SAR1A,2,0.4,0.4,SAR1A->COPG2,0.0485,0.1215,SAR1A->COPG2,0.0516,0.022,,0.0,0.0,1,0.03336666666666666
OSBP,SEC13,2,0.2,0.2,SEC13->OSBP,0.0597,0.2796,OSBP->SEC13,0.04,-0.0429,,0.0,0.0,0,0.03323333333333334
RAB1A,SAR1A,2,0.2,0.2,RAB1A->SAR1A,0.0305,0.1815,RAB1A->SAR1A,0.0689,0.1892,,0.0,0.0,1,0.033133333333333334
APP,MFN2,2,0.2,0.2,MFN2->APP,0.0299,-0.4284,,0.0,0.0,MFN2->APP,0.0695,0.3236,1,0.033133333333333334
HSPA5,MFN2,2,0.2,0.2,HSPA5->MFN2,0.0544,0.127,MFN2->HSPA5,0.0445,0.197,,0.0,0.0,0,0.032966666666666665
COPE,SEC31A,2,0.2,0.2,COPE->SEC31A,0.0318,-0.0398,SEC31A->COPE,0.0668,-0.0155,,0.0,0.0,0,0.03286666666666666
COPB2,PREB,2,0.2,0.2,COPB2->PREB,0.0465,0.2221,PREB->COPB2,0.051,-0.0222,,0.0,0.0,0,0.0325
PREB,TMED9,2,0.2,0.2,PREB->TMED9,0.0414,0.0281,PREB->TMED9,0.0552,0.0639,,0.0,0.0,1,0.0322
COPG1,COPG2,2,0.2,0.2,COPG1->COPG2,0.0471,-0.2386,COPG1->COPG2,0.0487,-0.5571,,0.0,0.0,1,0.031933333333333334
COPZ1,SEC13,2,0.2,0.2,SEC13->COPZ1,0.0345,0.2542,SEC13->COPZ1,0.0595,0.1336,,0.0,0.0,1,0.03133333333333333
HSPA5,ITPR1,2,0.2,0.2,HSPA5->ITPR1,0.0404,0.2273,HSPA5->ITPR1,0.0534,0.2742,,0.0,0.0,1,0.031266666666666665
COPB2,SEC23A,2,0.2,0.2,SEC23A->COPB2,0.0469,0.0255,SEC23A->COPB2,0.0461,0.0274,,0.0,0.0,1,0.031
ARF6,RAB1A,2,0.2,0.2,ARF6->RAB1A,0.028,0.1016,RAB1A->ARF6,0.0647,0.4086,,0.0,0.0,0,0.030899999999999997
COPE,SEC13,2,0.2,0.2,SEC13->COPE,0.0317,-0.044,SEC13->COPE,0.0609,0.0623,,0.0,0.0,1,0.030866666666666667
HSPA9,ITPR2,2,0.2,0.2,HSPA9->ITPR2,0.0564,-0.2517,HSPA9->ITPR2,0.0336,-0.0727,,0.0,0.0,1,0.03
COPB1,SEC24A,2,0.2,0.2,SEC24A->COPB1,0.0358,0.0563,COPB1->SEC24A,0.0493,0.0451,,0.0,0.0,0,0.028366666666666665
HSPA5,SEC13,2,0.2,0.2,SEC13->HSPA5,0.0468,0.1958,SEC13->HSPA5,0.0377,0.2893,,0.0,0.0,1,0.028166666666666663
APP,VPS29,2,0.2,0.2,,0.0,0.0,VPS29->APP,0.028,0.077,APP->VPS29,0.0564,0.0208,0,0.028133333333333333
AP2B1,COPG1,2,0.2,0.2,AP2B1->COPG1,0.0278,0.0339,AP2B1->COPG1,0.055,0.1188,,0.0,0.0,1,0.0276
CLU,VDAC1,2,0.2,0.2,VDAC1->CLU,0.0259,0.1975,VDAC1->CLU,0.0569,-0.5308,,0.0,0.0,1,0.0276
VDAC1,VPS35,2,0.2,0.2,VPS35->VDAC1,0.0524,-0.3196,VPS35->VDAC1,0.0302,-0.4926,,0.0,0.0,1,0.027533333333333337
HSPA5,VDAC1,2,0.2,0.2,HSPA5->VDAC1,0.0508,0.1437,HSPA5->VDAC1,0.0303,-0.0684,,0.0,0.0,1,0.027033333333333336
HSPA5,SEC31A,2,0.2,0.2,HSPA5->SEC31A,0.0427,0.0679,SEC31A->HSPA5,0.0351,-0.0829,,0.0,0.0,0,0.025933333333333336
ARF6,SYK,2,0.2,0.2,ARF6->SYK,0.047,-0.1758,SYK->ARF6,0.0291,-0.0409,,0.0,0.0,0,0.025366666666666666
HSPA5,SAR1A,2,0.2,0.2,HSPA5->SAR1A,0.032,0.1771,HSPA5->SAR1A,0.039,0.1114,,0.0,0.0,1,0.02366666666666667
AP2A1,COPB1,2,0.2,0.2,COPB1->AP2A1,0.035,0.2174,AP2A1->COPB1,0.0332,-0.0542,,0.0,0.0,0,0.022733333333333338
LRP1,RTN4,2,0.2,0.2,,0.0,0.0,RTN4->LRP1,0.0288,-0.0685,RTN4->LRP1,0.0392,-0.1646,1,0.02266666666666667
COPB1,SAR1A,2,0.2,0.2,COPB1->SAR1A,0.0304,-0.1,COPB1->SAR1A,0.0364,-0.012,,0.0,0.0,1,0.022266666666666667
BIN1,SORL1,2,0.2,0.2,,0.0,0.0,SORL1->BIN1,0.0175,-0.0694,SORL1->BIN1,0.0492,-0.2154,1,0.022233333333333338
COPB1,GGA2,2,0.2,0.2,COPB1->GGA2,0.0337,-0.3594,GGA2->COPB1,0.0327,0.03,,0.0,0.0,0,0.022133333333333335
LRP1,SORT1,2,0.2,0.2,LRP1->SORT1,0.0235,0.1927,SORT1->LRP1,0.0406,0.1564,,0.0,0.0,0,0.021366666666666662
HSPA5,RAB1A,2,0.2,0.2,HSPA5->RAB1A,0.0313,0.0566,RAB1A->HSPA5,0.0312,0.2161,,0.0,0.0,0,0.020833333333333332
COPB2,SEC24A,2,0.2,0.2,COPB2->SEC24A,0.0288,0.0221,COPB2->SEC24A,0.0336,-0.0393,,0.0,0.0,1,0.0208
AP2B1,COPG2,2,0.2,0.2,AP2B1->COPG2,0.0384,0.0655,COPG2->AP2B1,0.0232,0.119,,0.0,0.0,0,0.02053333333333333
COPB2,GGA1,2,0.2,0.2,COPB2->GGA1,0.0315,0.1601,COPB2->GGA1,0.0278,0.1354,,0.0,0.0,1,0.019766666666666665
BIN1,PSEN1,2,0.2,0.2,BIN1->PSEN1,0.0327,-0.1823,BIN1->PSEN1,0.0258,0.1209,,0.0,0.0,1,0.0195
COPG1,HSPA5,2,0.2,0.2,HSPA5->COPG1,0.0237,-0.069,COPG1->HSPA5,0.0342,0.0767,,0.0,0.0,0,0.0193
MIA3,SAR1B,2,0.2,0.2,,0.0,0.0,MIA3->SAR1B,0.0187,-0.0135,SAR1B->MIA3,0.0379,0.0931,0,0.018866666666666667
COPB2,SEC23B,2,0.2,0.2,COPB2->SEC23B,0.0258,0.0352,COPB2->SEC23B,0.0217,0.0947,,0.0,0.0,1,0.015833333333333335
BIN1,VPS35,2,0.2,0.2,BIN1->VPS35,0.0255,0.1024,VPS35->BIN1,0.0213,-0.0083,,0.0,0.0,0,0.015599999999999998
