source,target,prior_C,W,beta,n_pairwise,p_corr,q_fdr,data_supported
AP2B1,AP2A1,0.5,0.4047,0.8536,400,4.4499997902205073e-94,1.5307999278358545e-91,1
TMED10,TMED2,0.6,0.2699,0.5458,400,2.5634632210993856e-21,2.2045783701454716e-19,1
TMED9,TMED10,0.5,0.2694,0.1828,400,1.6934755663313862e-31,2.9127779740899844e-29,1
PLCG2,SYK,0.5,0.2301,0.3743,288,1.655113988089995e-16,6.326213465588425e-15,1
SEC24C,SEC23A,0.5,0.2258,0.5004,400,1.700400256816247e-21,1.9497922944826296e-19,1
VPS29,VPS35,0.5,0.2151,0.7672,400,1.9067864382322642e-19,9.370493353598556e-18,1
COPG1,COPA,0.5,0.2075,0.2597,400,4.417424921741384e-18,1.899492716348795e-16,1
TMED2,COPB2,0.6,0.1895,0.0585,400,1.0171238757099291e-10,2.0581800779071507e-09,1
COPB1,COPA,0.5,0.1773,0.1367,400,2.718918162195211e-13,8.50279861631957e-12,1
SEC31A,SEC13,0.4,0.1763,0.4076,400,1.9559925302581705e-20,1.3457228608176213e-18,1
COPB2,COPA,0.5,0.1761,0.2827,400,3.990486486718977e-13,1.0981818811450626e-11,1
MFN2,TMED10,0.5,0.1609,0.2712,400,4.384960359864475e-11,1.040294043995434e-09,1
EIF2S1,BACE1,0.7,0.1562,0.3943,400,6.5846073739170665e-06,4.4413822286813154e-05,1
COPA,COPG2,0.6,0.1529,0.4817,400,2.3692308390220853e-07,2.232918927735883e-06,1
MFN2,HSPA9,0.4,0.1474,0.5589,400,2.627696488821736e-14,9.039275921546772e-13,1
RAB1B,COPA,0.5,0.1453,-0.0776,400,3.2004723321837565e-09,4.4937244174335195e-08,1
TMED9,TMED2,0.5,0.1451,0.2331,400,3.3616458597617075e-09,4.534926179443245e-08,1
VPS29,VPS26A,0.5,0.1347,0.1589,400,4.403720065138803e-08,4.966818696418846e-07,1
PICALM,BIN1,0.3,0.1316,0.7314,400,3.109469189963367e-20,1.782762335578997e-18,1
MFN2,VDAC1,0.6,0.1311,0.4286,400,1.0408431537301811e-05,6.51000081605786e-05,1
GORASP1,TMED2,0.4,0.1304,0.1138,264,5.9285769885863156e-08,6.275170720226746e-07,1
MAPK14,MAPKAPK2,0.8,0.1283,0.2256,352,0.0025526938260862085,0.00900642744793493,1
GORASP1,TMED10,0.4,0.1233,0.0963,264,3.2286012934216125e-07,2.9617035864987593e-06,1
HSPA5,EIF2S1,0.4,0.1202,0.0681,400,8.499643454166228e-10,1.2995010436591921e-08,1
TMED9,EIF2S1,0.5,0.1198,0.1374,400,1.2527074217853889e-06,1.0260270311766042e-05,1
BIN1,BACE1,0.5,0.1187,0.1163,400,1.5857376152468871e-06,1.2122083103220648e-05,1
HSPA5,TMED10,0.4,0.1183,0.199,400,1.6195832722208069e-09,2.370794236782798e-08,1
SORL1,BACE1,0.6,0.118,-0.3227,400,7.512661662214627e-05,0.0003945581086720354,1
PLCG2,MAPK14,0.5,0.1178,0.0563,336,1.2715476167721353e-05,7.607171829036773e-05,1
PICALM,BACE1,0.5,0.1132,0.4908,400,4.829631103469319e-06,3.362898137065936e-05,1
SEC24C,TMED10,0.4,0.1104,0.0524,400,1.9741339538211217e-08,2.3828143161911082e-07,1
SORL1,LRP1,0.5,0.1096,0.3031,400,9.703934634735798e-06,6.181765767313176e-05,1
TMED2,RAB1B,0.4,0.1068,0.1776,400,5.825558743464917e-08,6.275170720226746e-07,1
RTN4,RTN3,0.3,0.106,0.3346,288,6.927504157408176e-10,1.1084006651853081e-08,1
RAB1A,COPA,0.5,0.1053,0.0019,400,2.1826637962530416e-05,0.00012726039761204173,1
SYK,MAPK14,0.4,0.1012,0.1884,312,6.104741595529187e-06,4.20006221772408e-05,1
TMED9,COPB2,0.4,0.0992,0.1358,400,5.145947969653443e-07,4.6584371093704846e-06,1
MFN2,TMED2,0.3,0.0981,0.1077,400,2.0244341823408402e-11,5.158558212779622e-10,1
GGA3,GGA1,0.3,0.0963,0.1823,400,4.987590424497662e-11,1.1069232942110941e-09,1
SEC24B,SEC23A,0.4,0.0943,0.218,400,1.850311292080878e-06,1.383711053208309e-05,1
SAR1A,SEC31A,0.3,0.094,0.203,400,1.4891108867295047e-10,2.8458563613052756e-09,1
NCSTN,PSEN1,0.6,0.0936,-0.0006,384,0.002159609571084242,0.0077386009630518665,1
PSEN1,TMED10,0.4,0.0925,-0.0573,400,2.9215880786150186e-06,2.1158448400917186e-05,1
APBA1,AP2A1,0.3,0.0925,0.0843,400,2.8951057741629264e-10,5.2416651911160354e-09,1
ARF6,RAB1B,0.3,0.0917,0.2724,400,4.2531443316995715e-10,7.1369836590470855e-09,1
LRP1,BACE1,0.5,0.0907,0.1537,400,0.0002648865677381415,0.0011989602539726404,1
EIF2S1,APP,0.3,0.0896,1.1784,312,7.605533439504045e-08,7.928192433907247e-07,1
ITPR1,MFN2,0.4,0.0888,-0.1798,400,7.322501145613749e-06,4.844116142482942e-05,1
COPA,COPE,0.6,0.0878,0.2073,400,0.003341628806954127,0.011495203095922198,1
CLU,APOE,0.3,0.0855,0.7426,400,6.389134771356171e-09,8.293820231496313e-08,1
EIF2S1,TMED10,0.3,0.0836,-0.0968,400,1.4358471932192538e-08,1.7961143071542666e-07,1
SEC23A,SEC24A,0.6,0.0829,-0.0003,400,0.005648255140594812,0.018244129280418925,1
TMED10,SAR1A,0.4,0.0823,0.0568,400,3.3814475369482695e-05,0.00019069146765741062,1
APP,SORL1,0.3,0.0822,0.0472,312,8.76936379549783e-07,7.448546038645071e-06,1
TMED2,COPG1,0.6,0.0794,-0.0028,400,0.00806413989652057,0.024017871206953038,1
PICALM,SORL1,0.3,0.0767,0.2332,400,2.205007167255393e-07,2.1366830015094512e-06,1
TMED2,BACE1,0.6,0.0748,-0.2559,400,0.012599850822138475,0.035238607177362886,1
SEC23A,TMED10,0.3,0.0731,-0.1769,400,8.201561078885808e-07,7.196056780911977e-06,1
SAR1A,SEC24B,0.6,0.0716,0.1142,400,0.016999557037316215,0.04533215209950991,1
SEC16A,SAR1B,0.6,0.0704,-0.1172,400,0.018841822174132623,0.049171708594821235,1
MAP2K3,BACE1,0.3,0.0703,0.5206,352,8.980612496197853e-06,5.884439426080117e-05,1
OSBP,TMED10,0.4,0.07,-0.0834,400,0.0004377698581531707,0.0018942494491156064,1
VPS35,SNX6,0.4,0.0692,-0.1295,400,0.0005127369003890805,0.0021509938260224843,1
COPA,TMED10,0.4,0.069,0.0445,400,0.0005267235983278052,0.0021830472027080114,1
ADAM10,BACE1,0.3,0.068,0.0843,400,4.674093970674691e-06,3.31523366167442e-05,1
HSPA9,TMED10,0.4,0.0676,-0.0429,400,0.0006945259756613014,0.002810787477970443,1
SEC16A,TMED10,0.4,0.0668,0.0586,400,0.0007993911156068765,0.003179081430852781,1
SEC24D,SAR1A,0.6,0.0648,0.0148,392,0.03246230988541713,0.07674937869816834,0
ITPR2,MFN2,0.4,0.0646,-0.0786,400,0.0011798830533782036,0.004534969501252537,1
VPS35,SNX4,0.4,0.0641,0.0953,400,0.0013111412529111623,0.0049025281630591284,1
RTN4,APP,0.4,0.0635,-0.0637,264,0.009790213115689228,0.028182705538051,1
SEC24D,SEC31A,0.4,0.0599,0.0183,392,0.0029609802012633504,0.010288658477117097,1
ITPR2,ITPR1,0.3,0.0598,0.0826,400,5.9278355788736266e-05,0.00032367864113214725,1
COPA,COPZ1,0.6,0.0598,0.0805,400,0.04646450226766083,0.10207996757197543,0
MAPK14,MAP2K3,0.3,0.0594,0.252,328,0.0003092762184383252,0.0013817015473088815,1
TMED10,SEC13,0.3,0.0592,-0.1196,400,7.087307222473319e-05,0.0003809427632079409,1
VPS35,GGA1,0.3,0.0585,0.0435,400,8.634026977752197e-05,0.0004432992955741426,1
VPS26A,SNX4,0.3,0.0583,0.1778,400,9.095665564772538e-05,0.0004601336697473166,1
SEC23A,TMED2,0.3,0.0582,0.128,400,9.38291786772416e-05,0.00046594393535641365,1
SYK,MAP2K3,0.3,0.0578,0.0638,312,0.0006226095889137366,0.002549734506980064,1
SAR1B,TMED10,0.4,0.0577,0.0892,400,0.003817387527320669,0.012937746890623747,1
TMED2,COPG2,0.6,0.0565,-0.0059,400,0.05989961737411283,0.1264139164214406,0
GGA2,GGA3,0.3,0.0561,0.1595,400,0.0001697099611597605,0.0008108364810966335,1
TMED10,COPB1,0.6,0.056,0.215,400,2.0401131799262364e-10,3.793507750781759e-09,1
LRP1,PICALM,0.3,0.055,-0.2192,400,0.0002293221762148989,0.0010660382245665572,1
TMED2,SAR1A,0.4,0.0547,0.087,400,0.006197492132624582,0.019469746973724715,1
SEC24C,SAR1A,0.3,0.0545,0.2557,400,0.00026163811802899334,0.0011989602539726404,1
CLU,LRP1,0.5,0.0532,0.0441,400,0.03343845170936201,0.07825052644911926,0
TMED10,COPB2,0.5,0.0529,0.0401,400,3.5820486412412365e-13,1.0714997674669438e-11,1
GORASP1,COPA,0.5,0.0528,0.0232,264,0.08679652103259013,0.16680448734754752,0
ARF6,TMED2,0.3,0.0526,0.289,400,0.00043061270199624686,0.0018870161718052092,1
EIF2S1,SORL1,0.2,0.0523,0.1676,400,1.1254993931375582e-07,1.1387405624685881e-06,1
MAP2K3,MAPKAPK2,0.6,0.0522,0.1587,344,4.252603923932399e-08,4.958968643500832e-07,1
SAR1A,SEC13,0.3,0.0521,0.0372,400,0.0004893843128386634,0.0020783728841543237,1
NCSTN,APP,0.6,0.0512,0.131,304,0.13735075229304072,0.24168111912432744,0
SAR1B,SEC24B,0.6,0.0508,0.0236,400,0.0906106762287729,0.17316707012609933,0
TMED2,SEC24C,0.5,0.0506,0.0138,400,0.04313013854331624,0.09665646683322988,0
AP3B2,BACE1,0.3,0.0504,0.0492,240,0.009165782991917509,0.026607842609448297,1
COPB1,TMED2,0.3,0.0495,0.237,400,0.0009312638174850604,0.003661197179598409,1
VPS35,TMED10,0.2,0.0484,0.063,400,9.474376844389431e-07,7.853459360168589e-06,1
TMED2,SAR1B,0.4,0.048,0.1105,400,0.016348738509635606,0.044109537625997244,1
SEC31A,TMED10,0.2,0.0477,0.1562,400,1.3881280001578465e-06,1.0730697349534814e-05,1
SORL1,TMED10,0.2,0.0477,-0.0221,400,1.3794174795710055e-06,1.0730697349534814e-05,1
AP1G1,BACE1,0.5,0.0476,0.473,400,0.057196958916147095,0.12145527078490494,0
TMED9,GGA1,0.2,0.0467,0.0448,400,2.3196636264506562e-06,1.7160522311807007e-05,1
SAR1B,SEC13,0.3,0.0464,0.0998,400,0.001927751516862309,0.007054750231921641,1
SNX4,APP,0.5,0.0462,0.284,312,0.10318601761842038,0.18830763957950455,0
PLCG2,MAP2K3,0.4,0.0461,0.007,320,0.03928760033251028,0.08920748854378573,0
ABCA7,APP,0.5,0.0453,-0.1673,224,0.17701914728381657,0.29923629811121816,0
SEC16A,SEC23B,0.5,0.0451,-0.0049,400,0.07184113140206007,0.14537264236652156,0
TMED10,RAB1A,0.4,0.0451,-0.2265,400,0.024194497398065066,0.05966241652282711,0
PLG,APP,0.2,0.0445,0.1912,312,7.403479306169776e-05,0.0003945581086720354,1
TMED10,BACE1,0.8,0.0445,-0.3875,400,0.00019381083867193796,0.0009195990138365056,1
OSBP,SEC24D,0.4,0.0443,0.3882,392,0.02821747548639813,0.06787980117007662,0
COPB1,APP,0.2,0.0439,0.8837,312,9.413692880020566e-05,0.00046594393535641365,1
APBA1,LRP1,0.2,0.0437,0.2371,400,1.0545500342893341e-05,6.536310122441999e-05,1
TMED9,SEC13,0.2,0.0436,0.2195,400,1.1033667574105276e-05,6.777824366950383e-05,1
SEC24D,TMED9,0.3,0.0436,0.0356,392,0.003927731430426575,0.013181849873821871,1
BACE1,CLU,0.2,0.0435,0.1475,400,1.1571482337209693e-05,6.983491094737078e-05,1
MFN2,APP,0.3,0.0429,0.3639,312,0.011424870184690279,0.03234695755994614,1
ECE1,BACE1,0.2,0.0427,0.0491,384,2.4405381193636265e-05,0.00013992418551018123,1
ADAM10,SORL1,0.2,0.0424,0.0434,400,1.8899010960907522e-05,0.00011209068569917565,1
SAR1B,SEC23B,0.7,0.0421,0.3564,400,5.301890288532874e-05,0.000294169396654082,1
HSPA5,TMED2,0.3,0.0421,-0.1547,400,0.004944273306442695,0.016354134782848914,1
SEC24D,TMED2,0.4,0.0419,-0.0818,392,0.03826869213931548,0.08718165626440083,0
TMED2,ITPR2,0.4,0.0417,-0.1644,400,0.03735357437784586,0.08623912473811393,0
PLG,LRP1,0.3,0.0417,0.0294,400,0.0053998803340851225,0.017607192748106938,1
BACE1,APP,0.9,0.0413,-0.1399,312,0.41871671556115153,0.574397478933371,0
SNX4,BACE1,0.3,0.041,0.0788,400,0.006128265990593403,0.019429709684462032,1
SEC24D,GORASP1,0.3,0.0406,-0.1967,264,0.027747969953508155,0.06722043425356905,0
PREB,SEC23A,0.4,0.0403,0.0136,400,0.04386717950206603,0.09735683708845622,0
ITPR2,VDAC1,0.3,0.0403,-0.1518,400,0.007134877172010911,0.02172033404576773,1
MFN2,HSPA5,0.3,0.0402,0.1723,400,0.007321796270303569,0.022093841377056382,1
SNX4,SNX6,0.3,0.0393,-0.2295,400,0.008660788212720753,0.025248399535389317,1
TMED10,SORT1,0.2,0.039,0.2471,400,8.823606360264897e-05,0.0004496771241379444,1
PSEN1,TMED9,0.4,0.039,0.0081,400,0.051235355865912914,0.11050133177350496,0
TMED9,SAR1A,0.3,0.0385,-0.0348,400,0.010153193792057442,0.029105822203898,1
TMED10,COPG1,0.5,0.0384,0.0863,400,2.1599794845615252e-07,2.1366830015094512e-06,1
TMED9,HSPA5,0.4,0.0382,0.1885,400,6.88183117104227e-11,1.4795937017740882e-09,1
SEC24B,TMED2,0.2,0.0381,0.3991,400,0.0001267029302554626,0.0006182384114592786,1
HSPA9,VDAC1,0.3,0.0381,-0.1369,400,0.011085153805343246,0.03151481743006675,1
VPS29,SORL1,0.3,0.0371,0.2169,400,0.013321612019348308,0.03710635250733456,1
TMED10,ITPR1,0.4,0.0371,0.1173,400,0.06354428760106742,0.13168213816124816,0
GGA2,GGA1,0.3,0.0369,0.0386,400,0.01371990209950677,0.037908805801046816,1
MAP2K3,EIF2S1,0.3,0.0367,-0.0867,352,0.021742008724077097,0.05419747102233711,0
SEC23B,SEC13,0.3,0.0367,0.0331,400,0.014489904948957022,0.039717349023435974,1
SEC16A,TMED2,0.4,0.0362,0.2174,400,0.07064284063890619,0.1442203986930785,0
ITPR1,SIGMAR1,0.3,0.0356,0.2838,216,0.08189159904736841,0.15870822575940693,0
TMED2,MAP2K3,0.4,0.035,0.0215,352,0.10163315739015048,0.1861300744705896,0
TMED2,SORL1,0.3,0.0349,0.1241,400,0.020025475384078086,0.050652673030315155,0
TMED2,SEC24A,0.3,0.0349,0.0268,400,0.019782505281639877,0.050652673030315155,0
SEC23B,TMED10,0.3,0.0349,0.1305,400,0.01995665310380725,0.050652673030315155,0
VPS29,APP,0.6,0.0349,0.1765,312,0.3061278465207781,0.4649358905216233,0
SEC16A,SEC24D,0.6,0.0344,0.3149,392,0.2575649841000851,0.403804959070754,0
TMED2,VDAC1,0.3,0.0336,0.1161,400,0.025215517579526198,0.06173763734773674,0
AP3B2,APP,0.4,0.0336,-0.2708,192,8.454490081995354e-05,0.0004406582709403639,1
TMED2,COPE,0.6,0.0333,0.0736,400,0.00019676084568938937,0.0009272017933856156,1
APP,LRP1,0.4,0.0333,0.0024,312,0.14180088781095315,0.24698483750363487,0
COPA,TMED2,0.4,0.0332,-0.0578,400,0.09718837120048048,0.18023072610762955,0
TMED9,VPS35,0.2,0.0325,-0.0676,400,0.0011224402335997666,0.004362931529472539,1
TMED2,HSPA9,0.2,0.0321,0.0331,400,0.0012562049278964451,0.0047749667977500234,1
OSBP,VDAC1,0.3,0.0321,0.1214,400,0.03230646528507247,0.07674937869816834,0
TMED10,ABCA7,0.3,0.0317,-0.1936,280,0.07759805933664174,0.1529726785776777,0
VDAC1,ITPR1,0.4,0.0317,-0.0557,400,0.11368560347577147,0.20583077681929152,0
ITPR2,SIGMAR1,0.3,0.0317,0.2206,216,0.12164251146716751,0.21737674776470453,0
APP,CLU,0.2,0.0316,-0.1177,312,0.005136174162360365,0.016827084874780626,1
SAR1A,SEC23A,0.7,0.0312,-0.0999,400,0.3739874459024274,0.5393637196478458,0
PLG,CLU,0.2,0.031,0.1549,400,0.0018898545200038775,0.006953047645789667,1
IDE,BACE1,0.2,0.0306,-0.3959,400,0.002150334397586513,0.0077386009630518665,1
ARF6,RAB1A,0.3,0.0303,0.1014,400,0.04344293822329353,0.09672731876254352,0
SORT1,BACE1,0.5,0.0285,-0.0848,400,0.25479454753925745,0.40298539932645777,0
PREB,APP,0.3,0.0284,0.4369,312,0.09461094016745122,0.17784788752788644,0
VPS29,SNX6,0.3,0.0281,0.1289,400,0.061103139033565686,0.12855950964860305,0
TMED2,SEC31A,0.3,0.0279,-0.0908,400,0.06278132384725617,0.13099487863473477,0
EIF2S1,MFN2,0.2,0.0276,0.0145,400,0.0057538937435795846,0.01841245997945467,1
BIN1,LRP1,0.3,0.0275,-0.2431,400,4.1943031588752197e-10,7.1369836590470855e-09,1
SORT1,LRP1,0.3,0.0273,0.1911,400,0.06953490171237815,0.1432335699943598,0
AP1G1,SORT1,0.3,0.0271,-0.1449,400,0.0713679889078583,0.14526423629749047,0
SEC24D,SEC13,0.4,0.027,-0.0098,392,0.1816290577188394,0.30412662420210596,0
SAR1B,BACE1,0.2,0.0269,-0.0948,400,0.007027023173184769,0.02170684552899313,1
SEC16A,MIA3,0.3,0.0268,0.0892,400,0.07471316483010822,0.14942632966021643,0
TMED10,COPE,0.5,0.0268,0.1541,400,0.00032895354808300936,0.0014601292972974869,1
EIF2S1,LRP1,0.2,0.0266,0.3087,400,0.007806536367404531,0.02335172617727964,1
SREBF2,APOE,0.3,0.0263,-0.0661,256,0.1626175767215613,0.2804032400612385,0
SAR1B,SEC31A,0.3,0.0262,0.023,400,0.08116667086401017,0.15864394759783804,0
MFN2,BACE1,0.2,0.0262,0.1569,400,0.008597029476054903,0.025248399535389317,1
APOE,SEC16A,0.3,0.0254,-0.0253,400,0.09124215551298256,0.17389086701643214,0
SEC24D,SAR1B,0.5,0.0253,-0.0211,392,0.3182944530750531,0.47813664566732866,0
AP2A1,LRP1,0.3,0.0252,0.1291,400,0.09374228021544649,0.17669777750199228,0
SNX6,SORL1,0.3,0.0252,0.0046,400,0.09372314174953317,0.17669777750199228,0
TMED9,GGA3,0.2,0.0252,0.1102,400,0.011518483483524921,0.03247834687157847,1
SEC23A,SEC31A,0.3,0.0247,0.3114,400,2.3175838005955647e-08,2.7491338876030146e-07,1
NCSTN,TMED9,0.2,0.0246,0.0403,384,0.015732840593259224,0.042783376791155514,1
ABCA7,BACE1,0.3,0.0245,0.1907,280,0.1735538972962906,0.2941011855661279,0
TMED2,EIF2S1,0.5,0.0244,0.0737,400,0.001112823858388429,0.004350129628245676,1
MIA3,SEC24D,0.5,0.0244,0.2949,392,0.3346773914436652,0.4962457873130208,0
AP4S1,AP4E1,0.3,0.0239,0.0856,296,0.17217140567057598,0.2932883865544503,0
BACE1,GGA2,0.2,0.0238,0.0511,400,0.01734822218139545,0.045730179543295287,1
MAPK14,EIF2S1,0.3,0.0235,0.0762,368,0.1330494046623973,0.23531617071395722,0
ADAM10,TMED10,0.2,0.0233,0.0103,400,0.019553155014701194,0.05057357387261061,0
COPA,APP,0.3,0.0232,0.1271,312,0.17264796010836098,0.2932883865544503,0
HSPA9,EIF2S1,0.3,0.0225,-0.0025,400,0.13464140458167556,0.23752124705690458,0
TMED2,MAPKAPK2,0.3,0.0224,-0.0717,368,0.15241824236119791,0.26414043008691224,0
GGA3,APP,0.5,0.0223,0.0561,312,0.43282864038566204,0.5856726930807559,0
SORL1,VPS35,0.5,0.0222,-0.0707,400,0.3747323517320789,0.5393637196478458,0
GORASP1,APP,0.3,0.0222,0.1163,208,0.28884523341011853,0.4425958142230769,0
MAPKAPK2,BACE1,0.2,0.0222,-0.1953,368,0.03303985598406606,0.07784733190766249,0
AP2A1,APP,0.6,0.0219,0.032,312,0.5210299543960247,0.6588867006356814,0
ADAM17,ADAM10,0.2,0.0219,0.2497,368,0.035851311880672906,0.08361255109797613,0
HSPA9,ITPR1,0.3,0.0215,-0.4119,400,1.2861584301346048e-06,1.0410317646265978e-05,1
SIGMAR1,MFN2,0.3,0.0214,0.0015,216,0.29772235376332734,0.4531703083831178,0
TMED2,RAB1A,0.4,0.0214,0.0541,400,0.2867397186257567,0.44258643393946356,0
EIF2S1,ITPR1,0.2,0.0214,-0.1281,400,0.032407642773578195,0.07674937869816834,0
ABCA7,VPS35,0.2,0.0213,-0.0496,280,0.07562799631739482,0.1503816805386348,0
NCSTN,TMED10,0.2,0.0212,-0.0175,384,0.03786589643751121,0.08683912249669237,0
APOE,APP,0.4,0.0203,0.0318,312,0.3707613685703277,0.5381515223130495,0
TMED9,COPG1,0.5,0.0202,0.0617,400,0.007120546434511833,0.02172033404576773,1
TMED9,OSBP,0.4,0.0202,-0.0411,400,0.000704880389016762,0.0028360099862194867,1
PICALM,APP,0.7,0.02,0.3949,312,0.09280278473672321,0.17589067740734315,0
SAR1B,SEC24C,0.6,0.02,0.0585,400,0.026137654355868796,0.06376846169091395,0
SEC16A,SEC23A,0.5,0.02,-0.1417,400,0.007596404464371096,0.022822385465010104,1
SEC24D,SEC23B,0.5,0.02,0.0247,392,0.4286322345436962,0.5839583710219068,0
TMED2,GGA3,0.3,0.0199,0.0785,400,0.18530711398915362,0.3079499865326997,0
TMED10,APP,0.5,0.0196,-0.1314,312,0.021013489952149418,0.05295707357904322,0
MIA3,TMED2,0.3,0.0196,0.1305,400,0.1922719592570594,0.31798824030975203,0
SEC24C,APP,0.4,0.0194,0.3726,312,0.3927598147265886,0.5537269519096167,0
VPS35,BACE1,0.4,0.0194,0.6492,400,0.3329611910596269,0.49583831049572147,0
SAR1B,SEC23A,0.7,0.0193,-0.0588,400,0.5823711711499109,0.7159342448327158,0
TMED10,CLU,0.2,0.0193,-0.2948,400,0.053544252962791423,0.11512014387000155,0
APBA2,APP,0.6,0.0192,0.2628,312,0.05953150233540177,0.12602361109771204,0
APBA2,BACE1,0.4,0.019,-0.2452,400,0.34406959599367576,0.5079825794928088,0
SAR1B,APP,0.4,0.0187,0.401,312,0.005839133937836215,0.01859872291310794,1
AP2B1,APP,0.6,0.0186,-0.1016,312,0.5848183802267243,0.7159342448327158,0
VPS26A,APP,0.6,0.0185,-0.4685,312,0.06989751163282737,0.14355071045786635,0
TMED10,COPG2,0.5,0.0184,0.0697,400,0.01393695963071822,0.038354512903736544,1
TMED10,MIA3,0.3,0.0183,0.1848,400,4.3952584335359845e-05,0.00024584860181079326,1
MAPK14,LRP1,0.2,0.0183,0.0365,368,0.07882425966594474,0.15494597328619994,0
HSPA5,SIGMAR1,0.3,0.0177,0.1162,216,0.3879078102145209,0.5525477710716157,0
TMED2,APP,0.5,0.0177,0.0673,312,0.0368303258324955,0.0853333293962102,0
TMED9,ITPR1,0.3,0.0177,0.0688,400,0.23869300148198477,0.38279903267973314,0
VPS35,PICALM,0.3,0.0174,0.007,400,0.24763013445237886,0.39437391783156633,0
SEC23B,SEC24A,0.6,0.0171,0.1138,400,0.05697629099783934,0.1213612637972553,0
TMED10,COPZ1,0.5,0.0171,0.1526,400,0.02240647904707373,0.055652193445439445,0
SORT1,APP,0.6,0.017,-0.4257,312,0.09652968228204922,0.18023072610762955,0
AP1G1,GGA1,0.3,0.017,0.0678,400,0.00013917414524300774,0.0006743085346985165,1
PICALM,AP2A1,0.3,0.017,0.0775,400,0.2576604317326468,0.403804959070754,0
NCSTN,EIF2S1,0.2,0.0167,-0.061,384,0.10159231159120026,0.1861300744705896,0
SAR1A,SEC16A,0.4,0.0167,-0.074,400,0.4055630048883729,0.5625551358129043,0
SEC24D,TMED10,0.4,0.0164,0.0103,392,0.4191097884077794,0.574397478933371,0
PSEN1,LRP1,0.2,0.0164,-0.1084,400,0.10172225000136872,0.1861300744705896,0
TMED10,GGA3,0.3,0.016,-0.0255,400,0.28690922897819876,0.44258643393946356,0
TMED2,SIGMAR1,0.3,0.016,-0.2719,216,0.43627066385734226,0.5864091874415807,0
TMED10,SIGMAR1,0.4,0.016,0.1019,216,0.5598891855674096,0.6953136456144005,0
SIGMAR1,EIF2S1,0.5,0.0159,0.0282,216,0.6422986863661502,0.755798756471772,0
PREB,SAR1B,0.6,0.0159,0.0123,400,0.07702090133116223,0.15271002915227555,0
APOE,TMED10,0.4,0.0158,-0.0272,400,0.4311004651013647,0.5856726930807559,0
TMED10,GGA1,0.3,0.0157,0.1143,400,0.00046032032234014596,0.0019793773860626277,1
SAR1B,SEC24A,0.6,0.0157,0.0646,400,0.08155557192594383,0.15870822575940693,0
TMED9,MAP2K3,0.5,0.0156,-0.049,352,0.051002178274614125,0.11050133177350496,0
APOE,ITPR1,0.2,0.0155,0.0414,400,0.12094738432528086,0.21681354805488032,0
SREBF2,OSBP,0.5,0.0155,-0.0352,256,0.09930862242461516,0.183175153426636,0
PSEN1,EIF2S1,0.2,0.0155,0.0676,400,0.12101221286784018,0.21681354805488032,0
VPS26A,BACE1,0.3,0.0155,0.1488,400,0.0005327347710202534,0.0021947396554606847,1
VPS35,APP,0.7,0.0154,-0.147,312,0.1956433614595751,0.32048245877187537,0
AP1G1,APP,0.5,0.0152,-0.2305,312,0.5920789091738593,0.71970015814773,0
APP,ADAM10,0.2,0.0151,0.0635,312,0.18212233891172624,0.30412662420210596,0
TMED9,ARF6,0.4,0.015,-0.2161,400,0.012473094584502624,0.035026486016889,1
PREB,TMED2,0.3,0.015,0.0935,400,0.31815399595581845,0.47813664566732866,0
APBA1,SORL1,0.2,0.0148,0.1474,400,0.13994760723317565,0.2455888692878378,0
APBA1,BACE1,0.5,0.0147,1.35,400,0.050157851473636,0.10920443611981509,0
TMED10,IDE,0.2,0.0146,0.2047,400,8.262914036221602e-07,7.196056780911977e-06,1
APP,PSEN1,0.3,0.0146,-0.0168,312,0.39230747139748784,0.5537269519096167,0
BIN1,SORL1,0.3,0.0143,0.0572,400,0.0014199421496516442,0.005280649724109899,1
AP4M1,AP4E1,0.3,0.0142,0.1676,216,0.019975197485771427,0.050652673030315155,0
MAPK14,APP,0.4,0.0141,-0.2554,304,0.04099001708581686,0.09246272706571147,0
TMED9,MAPKAPK2,0.4,0.0141,0.2121,368,0.024475294965034866,0.060139296199799956,0
SEC23A,SEC13,0.3,0.014,-0.0235,400,0.0017630343412421965,0.006521331326745329,1
BACE1,GGA1,0.2,0.0139,-0.0225,400,0.16577829164941946,0.28442759265536305,0
MIA3,SAR1B,0.4,0.0137,0.058,400,0.49458879451310517,0.6360319450934885,0
BIN1,APP,0.6,0.0136,0.1996,312,0.18319931030876255,0.30518432322621947,0
TMED9,MIA3,0.2,0.0136,0.0058,400,4.839054005371043e-06,3.362898137065936e-05,1
MAPK14,SORL1,0.2,0.0133,-0.0048,368,0.20326340451706337,0.3298236375182538,0
SEC23B,SEC31A,0.3,0.0132,0.0094,400,0.38032789682430945,0.5458204324855289,0
SAR1A,BACE1,0.2,0.0132,-0.0786,400,9.129629871102802e-06,5.925646557847856e-05,1
BACE1,PSEN1,0.2,0.013,-0.0315,400,0.19539547039122307,0.32048245877187537,0
OSBP,ITPR1,0.3,0.0128,-0.0567,400,0.3957862854506833,0.5557162538572858,0
ABCA7,TMED2,0.3,0.0128,0.0491,280,0.4784365656739972,0.6271783460982912,0
TMED2,PSEN1,0.5,0.0127,-0.0256,400,0.6117892088013537,0.736672029376451,0
HSPA5,BACE1,0.3,0.0127,0.5227,400,0.0046832075315662546,0.01564100379474555,1
SEC24A,SAR1A,0.3,0.0126,-0.0119,400,0.4022090255669035,0.562438637378109,0
VPS26A,VPS35,0.5,0.0125,0.0566,400,0.6167486757570287,0.736672029376451,0
TMED9,SEC24C,0.4,0.0124,0.0182,400,0.03946908166586888,0.0893247637701243,0
VLDLR,LRP1,0.3,0.0124,0.1805,368,0.00834912352763448,0.02465320595284344,1
NCSTN,BACE1,0.2,0.0122,-0.003,384,0.23135776121147275,0.37364821528989023,0
TMED10,SEC24B,0.3,0.0121,0.0252,400,0.007029261835193857,0.02170684552899313,1
SEC24A,APP,0.3,0.0121,0.4144,312,0.017113268787032773,0.04545918504045772,1
RAB1A,SEC24D,0.5,0.0121,0.2583,392,0.11136998256572046,0.20270515345295154,0
TMED9,BACE1,0.6,0.0121,0.0586,400,0.17899054146301702,0.30182718756508753,0
COPA,ARF6,0.4,0.012,0.0209,400,0.5508745399498469,0.6878433457087019,0
APBA1,PSEN1,0.3,0.0118,0.1272,400,0.4341469091150951,0.5856726930807559,0
RTN3,APP,0.4,0.0118,-0.0267,232,0.653979312932758,0.7652002845199618,0
ITPR2,HSPA5,0.3,0.0117,-0.0459,400,0.4372498737754809,0.5864091874415807,0
SREBF2,SEC24D,0.3,0.0116,-0.0637,256,0.5365317763291209,0.6736019381650277,0
SEC13,TMED2,0.2,0.0114,0.2628,400,0.2538405410481676,0.40240159502566664,0
APP,IDE,0.2,0.0112,0.0135,312,0.3234815497387323,0.48276639093329243,0
AP4E1,AP4B1,0.4,0.0111,0.0988,200,0.6967636694589032,0.7963013365244608,0
TMED9,RAB1A,0.3,0.0111,0.1806,400,0.46238116027661236,0.6141278731087052,0
APOE,OSBP,0.5,0.0111,-0.0073,400,0.14028550236936083,0.2455888692878378,0
RAB1B,SEC24D,0.5,0.0109,0.1184,392,0.6657337831428387,0.7749997340139984,0
SYK,EIF2S1,0.2,0.0109,-0.0004,344,0.31572433623821083,0.47813664566732866,0
TMED10,SEC24A,0.3,0.0106,0.0331,400,0.01886821376312908,0.049171708594821235,1
APOE,MFN2,0.3,0.0106,0.0423,400,0.4810689013489191,0.6271783460982912,0
MAP2K3,APP,0.3,0.0105,-0.2097,272,0.05386721007427038,0.11545370881962001,0
PREB,TMED10,0.3,0.0105,0.1222,400,0.4840577060729544,0.6271783460982912,0
AP4M1,APP,0.4,0.0104,0.1032,184,0.2403053175497432,0.3844885080795892,0
RTN3,TMED10,0.2,0.0103,0.0583,288,0.38159829654874916,0.5458204324855289,0
GGA3,VPS35,0.3,0.0103,-0.0626,400,0.021478229792123788,0.05393073758022324,0
GGA2,SORT1,0.3,0.0103,0.0746,400,0.49346646419233475,0.6357770175361915,0
LRP1,APOE,0.3,0.0102,-0.0257,400,0.4994908687794699,0.6399436084176449,0
MIA3,SAR1A,0.4,0.0101,-0.2173,400,0.6147359636308272,0.736672029376451,0
APOE,ABCA7,0.7,0.0101,-0.0303,280,0.8094224938978473,0.8742271205678477,0
ARF6,APP,0.3,0.0101,0.2696,312,0.046588822409302746,0.10207996757197543,0
GGA1,SORL1,0.3,0.0099,-0.0847,400,0.5124114639179692,0.6528501614362274,0
RTN3,EIF2S1,0.2,0.0098,-0.0635,288,0.4054983504805465,0.5625551358129043,0
TMED10,MAPKAPK2,0.3,0.0098,-0.2989,368,0.036837207602724464,0.0853333293962102,0
SYK,APP,0.2,0.0098,-0.1528,272,0.00703579440838004,0.02170684552899313,1
TMED9,COPA,0.5,0.0097,-0.0114,400,0.198167305450902,0.3238458578390037,0
SEC16A,PREB,0.3,0.0097,0.0735,400,0.5174608289253114,0.6556409766125493,0
TMED10,BIN1,0.2,0.0096,0.3027,400,0.0012725829288055999,0.004810643159440949,1
MAPK14,TMED10,0.2,0.0095,-0.0755,368,0.3626696163953484,0.5311576698087531,0
TMED10,ITPR2,0.4,0.0094,0.1149,400,0.6376619178544103,0.755798756471772,0
APBA1,APP,0.7,0.0094,0.0867,312,0.43268232310775356,0.5856726930807559,0
TMED9,APP,0.4,0.0093,-0.162,312,0.17034921696030567,0.2915429384793291,0
RAB1B,TMED10,0.4,0.0093,-0.0273,400,0.6437471966460151,0.755798756471772,0
TMED9,MFN2,0.2,0.0092,0.2397,400,0.0021873211139938264,0.0077972897742370605,1
RAB1B,GORASP1,0.3,0.0092,0.1875,264,0.09922045200165994,0.183175153426636,0
OSBP,SIGMAR1,0.3,0.0091,-0.5068,216,0.6575281470877029,0.766744686773457,0
PREB,SEC24D,0.5,0.0091,0.0051,392,0.23310889596352646,0.37559466141195835,0
TMED10,LRP1,0.3,0.0091,-0.0599,400,0.04434104853655809,0.09809209451174265,0
TMED9,SEC31A,0.2,0.009,0.0651,400,0.002656582663042287,0.00932514730700558,1
MAPK14,HSPA5,0.3,0.009,0.1459,368,0.5645999351596893,0.6978562350908238,0
ECE1,LRP1,0.2,0.0089,-0.0049,384,0.003661758219853641,0.012533779379399528,1
TMED9,LRP1,0.2,0.0089,0.0718,400,0.002844682072246113,0.009934727237082872,1
PLCG2,EIF2S1,0.3,0.0088,-0.0032,344,0.5892837436786422,0.7185409113441183,0
SYK,BACE1,0.2,0.0087,0.1016,344,0.006928834238903642,0.02166835434711684,1
TMED2,MAPK14,0.3,0.0085,0.0573,368,0.5900808356241669,0.7185409113441183,0
TMED2,PLCG2,0.2,0.0085,-0.3527,344,0.008283604444171954,0.02456517179995821,1
ABCA7,LRP1,0.3,0.0084,-0.0431,280,0.6416559488847489,0.755798756471772,0
TMED9,SEC16A,0.3,0.0083,-0.1533,400,0.0660740149691723,0.13651328017654818,0
VLDLR,APOE,0.3,0.0083,-0.3047,368,0.5959819694284726,0.7218936531105442,0
SAR1A,COPA,0.3,0.0083,-0.0118,400,0.5832027065282773,0.7159342448327158,0
APOE,COPA,0.3,0.008,0.0183,400,0.07751799689089288,0.1529726785776777,0
SORT1,VPS35,0.3,0.008,0.086,400,0.07432531904862343,0.14942632966021643,0
SORL1,GGA2,0.3,0.008,0.0644,400,0.07532455234229658,0.15021244061304362,0
GGA2,VPS35,0.3,0.008,-0.2049,400,0.07422404073410258,0.14942632966021643,0
TMED9,COPB1,0.5,0.008,-0.1218,400,0.28785973230632694,0.4425958142230769,0
ARF6,SEC24D,0.3,0.0079,-0.1681,392,0.08282457062214454,0.16006546232594226,0
EIF2S1,GGA2,0.2,0.0078,-0.3407,400,0.00952586781278305,0.027536962416784612,1
PSEN1,MAP2K3,0.2,0.0078,0.1374,352,0.4661915992846027,0.6164027082612968,0
TMED2,VPS35,0.2,0.0077,0.1184,400,0.44197030045763724,0.591586705670923,0
TMED2,SYK,0.2,0.0077,-0.185,344,0.01657947951560245,0.044557351198181584,1
APOE,SORL1,0.3,0.0077,0.0301,400,0.08877810003027914,0.170137417328223,0
VPS35,LRP1,0.3,0.0076,0.0136,400,0.6146938984541839,0.736672029376451,0
SORT1,SORL1,0.3,0.0076,0.0603,400,0.09272493855363982,0.17589067740734315,0
TMED10,VDAC1,0.4,0.0074,-0.201,400,0.7118708758379683,0.8108727857227188,0
BACE1,MAPK14,0.2,0.0073,-0.0111,368,0.483378744207496,0.6271783460982912,0
TMED2,ITPR1,0.4,0.0071,-0.0586,400,0.7243319337040801,0.816520539244242,0
APOE,COPB1,0.2,0.0069,-0.0022,400,0.49036883457078057,0.6341611995952952,0
SEC24B,APP,0.3,0.0068,0.1426,312,0.6894971204266438,0.7932675900560717,0
TMED10,GGA2,0.3,0.0066,-0.1268,400,0.14328496459913306,0.24893953445505948,0
APOE,PSEN1,0.2,0.0065,0.0217,400,0.5139397444746808,0.6535869578531985,0
AP2A1,BACE1,0.5,0.0065,-1.2003,400,0.3892771885793835,0.5530176507582371,0
SREBF2,ABCA7,0.4,0.0064,0.0889,216,0.433451329946855,0.5856726930807559,0
TMED9,PICALM,0.2,0.0063,0.0818,400,0.5317348049085945,0.6687999008722358,0
MAPKAPK2,APP,0.2,0.0063,-0.1506,296,0.07157641875704836,0.14526423629749047,0
ABCA7,PICALM,0.2,0.006,-0.0576,280,0.09696143628924214,0.18023072610762955,0
SREBF2,VLDLR,0.4,0.006,0.0132,248,0.4365431824353848,0.5864091874415807,0
TMED2,GGA2,0.3,0.006,0.0246,400,0.6921695864312771,0.795012813797527,0
ECE1,APP,0.4,0.0059,-0.0659,304,0.3898452915955596,0.5530176507582371,0
APOE,PICALM,0.2,0.0059,0.0187,400,0.048780273046829,0.10654231065466144,0
TMED9,SAR1B,0.3,0.0059,-0.1575,400,0.19317640119669943,0.3187178993365209,0
TMED10,PICALM,0.2,0.0058,0.0798,400,0.05525440389250378,0.11805909900013228,0
TMED9,GGA2,0.2,0.0057,0.1556,400,0.567524070722406,0.6997429402455472,0
SEC24D,SEC23A,0.5,0.0057,-0.0069,392,0.8232265052908062,0.8830451134786739,0
ARF6,LRP1,0.3,0.0057,0.0178,400,0.20305715010967973,0.3298236375182538,0
APOE,MAPK14,0.2,0.0057,0.0224,368,0.5844017366277755,0.7159342448327158,0
MIA3,APP,0.3,0.0056,0.0749,312,0.26949486637665604,0.42139197287986213,0
TMED2,APBA1,0.2,0.0056,0.0791,400,0.06283184585677686,0.13099487863473477,0
TMED9,GORASP1,0.3,0.0055,0.2715,264,0.31940905210786535,0.4787656380178897,0
VDAC1,EIF2S1,0.3,0.0055,-0.0637,400,0.2193952840747672,0.35516224810221136,0
TMED10,ECE1,0.2,0.0054,-0.1671,384,0.08083873069039134,0.1584531245441289,0
SEC24D,APP,0.5,0.0054,-0.0721,312,0.8493900932332793,0.9000021833073852,0
TMED2,SEC23B,0.4,0.0051,-0.0056,400,0.8008007785662711,0.8679751181526757,0
SIGMAR1,VDAC1,0.3,0.0051,0.0296,216,0.4096156498729337,0.5658947130774666,0
SEC24A,BACE1,0.2,0.005,-0.1,400,0.09625172584008704,0.18023072610762955,0
TMED2,COPZ1,0.6,0.0049,-0.0641,400,0.5897766871811718,0.7185409113441183,0
SNX6,BACE1,0.3,0.0049,-0.1458,400,0.2806120414142709,0.4358038024673101,0
SAR1A,APP,0.4,0.0048,0.2713,312,0.47943244832768966,0.6271783460982912,0
VPS29,BACE1,0.3,0.0048,-0.5882,400,0.28863697719008846,0.4425958142230769,0
TMED9,SORL1,0.2,0.0048,-0.0835,400,0.6321249821865359,0.7524255843327624,0
TMED2,SORT1,0.2,0.0047,-0.0434,400,0.1197386414296436,0.21622095880208608,0
VDAC1,APP,0.2,0.0046,0.1758,312,0.17261128899347605,0.2932883865544503,0
OSBP,MFN2,0.3,0.0046,-0.0422,400,0.7601052664158696,0.8448342864202234,0
TMED10,APBA1,0.2,0.0046,-0.085,400,0.12588418795025322,0.22379411191156126,0
EIF2S1,GGA1,0.2,0.0046,0.0336,400,0.12309558501388694,0.21940352976568447,0
RAB1A,APP,0.3,0.0046,-0.2246,312,0.3657450817712047,0.5331199497004001,0
AP4B1,APP,0.4,0.0045,0.0368,184,0.880511055490612,0.9180148102810013,0
ARF6,TMED10,0.3,0.0045,0.0224,400,0.7660375983027319,0.8459612642572706,0
MAP2K3,TMED10,0.2,0.0045,0.0558,352,0.6754518008936126,0.7823414798229048,0
LRP1,IDE,0.3,0.0045,-0.0569,400,0.7630112605726463,0.8453329263671187,0
PLCG2,APP,0.2,0.0044,0.087,280,0.7159175121519786,0.8127908388788141,0
GGA1,APP,0.5,0.0043,-0.1723,312,0.8802652729872052,0.9180148102810013,0
AP3B2,LRP1,0.2,0.0043,0.0433,240,0.27251739374511597,0.42515185237333286,0
AP2A1,BIN1,0.3,0.0043,-0.0652,400,0.7746481188830574,0.8527326492664695,0
BACE1,RTN3,0.2,0.0043,-0.0215,288,0.7189286454646555,0.8135245198678996,0
SEC23A,APP,0.3,0.0042,0.3313,312,0.40673947245018416,0.5630518250417036,0
RAB1A,GORASP1,0.3,0.0041,-0.0956,264,0.825516790853542,0.8830451134786739,0
MAPKAPK2,HSPA5,0.3,0.0041,0.0257,368,0.7931880407171361,0.8648389413841358,0
SNX4,SORL1,0.3,0.0041,-0.1192,400,0.36006312023150194,0.5304570165294932,0
VLDLR,APP,0.2,0.004,-0.0838,304,0.7271145828999169,0.8174098579005602,0
SEC13,APP,0.2,0.004,0.5737,312,0.23577674968885415,0.37900561632227026,0
VDAC1,BACE1,0.2,0.0039,0.3782,400,0.6938669538290198,0.795634107057276,0
APBA2,PSEN1,0.2,0.0038,-0.137,400,0.20189778351099838,0.3291603674302533,0
TMED2,LRP1,0.3,0.0038,-0.068,400,0.4034550773360345,0.5625551358129043,0
RAB1B,APP,0.3,0.0037,-0.1939,312,0.4667817020408949,0.6164027082612968,0
SEC31A,APP,0.3,0.0037,0.2302,312,0.8280415560798928,0.8832443264852191,0
TMED9,COPG2,0.4,0.0036,-0.073,400,0.8589062854046982,0.9075068415536137,0
APOE,TMED2,0.4,0.0035,0.0387,400,0.5562512635973611,0.6932986763677255,0
SREBF2,LRP1,0.4,0.0035,0.0239,256,0.6384599970557379,0.755798756471772,0
TMED9,COPZ1,0.4,0.0035,-0.1214,400,0.5649795391651001,0.6978562350908238,0
NCSTN,LRP1,0.2,0.0034,-0.0455,384,0.2739489520564802,0.4264182783141592,0
ITPR1,HSPA5,0.3,0.0034,-0.0408,400,0.44975227504464144,0.6008341072441035,0
SREBF2,TMED2,0.2,0.0034,0.0617,256,0.36285480350307264,0.5311576698087531,0
TMED9,SYK,0.2,0.0031,0.3399,344,0.3439887370695441,0.5079825794928088,0
ITPR2,EIF2S1,0.5,0.0031,0.0404,400,0.6837883663045227,0.7883386902735942,0
SEC24B,BACE1,0.2,0.0031,-0.1432,400,0.2951319326293483,0.45122393255331467,0
APOE,EIF2S1,0.3,0.003,-0.0229,400,0.5081093773882117,0.6497755606748878,0
OSBP,APP,0.2,0.003,-0.2157,312,0.7950845586317319,0.8655350891434043,0
RTN4,BACE1,0.5,0.003,-0.0,328,0.7201193651092043,0.8135338640314163,0
TMED2,RTN4,0.2,0.003,-0.4923,328,0.3689842910896224,0.5367044234030871,0
ADAM17,BACE1,0.3,0.003,0.0911,368,0.5219378660558813,0.6588867006356814,0
VPS26A,SORL1,0.3,0.0029,0.1289,400,0.8489144023807581,0.9000021833073852,0
ADAM10,NCSTN,0.2,0.0028,0.0725,384,0.36430920232944486,0.5321544186892952,0
SREBF2,TMED10,0.2,0.0028,0.0271,256,0.4558066930424349,0.6065667404510545,0
PREB,SEC23B,0.4,0.0028,0.025,400,0.6462777145978582,0.7574771169392273,0
PSEN1,SORL1,0.2,0.0027,-0.0326,400,0.786027965695706,0.8614222850734278,0
APOE,MAP2K3,0.2,0.0027,0.0535,352,0.8011107558531236,0.8679751181526757,0
TMED9,MAPK14,0.4,0.0026,-0.049,368,0.6822354430863883,0.7883386902735942,0
TMED10,ADAM17,0.2,0.0025,-0.1875,368,0.4224767635132749,0.577860861425712,0
SEC23B,SEC24B,0.6,0.0024,0.0162,400,0.7862982485844661,0.8614222850734278,0
APOE,TMED9,0.3,0.0024,-0.0246,400,0.6017489530218029,0.7263215432964919,0
SEC16A,BACE1,0.2,0.0023,-0.2673,400,0.45079868258876776,0.601064910118357,0
VLDLR,SORL1,0.2,0.0023,-0.0153,368,0.4718983152795354,0.6219655956174719,0
GGA3,SORL1,0.3,0.0022,0.0121,400,0.8819880662728805,0.9180148102810013,0
TMED2,OSBP,0.6,0.0021,-0.0039,400,0.9442355918860632,0.9652809616903589,0
APOE,VPS35,0.2,0.0021,0.0135,400,0.48346661740551855,0.6271783460982912,0
ADAM10,PSEN1,0.2,0.002,0.0233,400,0.8389174238694116,0.8920791153356339,0
AP2B1,BACE1,0.5,0.002,0.0727,400,0.7909948824886421,0.863816633574898,0
CLU,VPS35,0.2,0.0019,-0.0054,400,0.5240989720403141,0.660403100299883,0
TMED2,RTN3,0.2,0.0019,0.0676,288,0.599218700196651,0.7245386041042108,0
VPS35,EIF2S1,0.2,0.0018,-0.0487,400,0.5421991849577434,0.6794773028250045,0
AP4S1,APP,0.4,0.0017,0.0581,264,0.8149949225717787,0.8788659980084386,0
HSPA5,APP,0.2,0.0017,0.0261,312,0.8798962395785236,0.9180148102810013,0
SEC24C,BACE1,0.2,0.0017,-0.3945,400,0.5613911030005044,0.6959226646204452,0
GGA1,SORT1,0.3,0.0017,-0.1252,400,0.9125280046499246,0.9412582716628907,0
TMED10,PLCG2,0.2,0.0016,-0.0131,344,0.6294455926769976,0.7505347794831445,0
AP2B1,PICALM,0.3,0.0016,0.0613,400,0.7251366998230114,0.816520539244242,0
TMED2,GGA1,0.3,0.0016,-0.0424,400,0.7292128202141408,0.8184313544980896,0
ABCA7,CLU,0.2,0.0016,-0.0029,280,0.8949990377800676,0.9273484005913953,0
APOE,HSPA5,0.3,0.0015,-0.0022,400,0.7331417538834208,0.820731976777511,0
PLCG2,BACE1,0.2,0.0015,-0.038,344,0.642022512715947,0.755798756471772,0
APOE,SEC24C,0.3,0.0015,-0.001,400,0.7336484966833855,0.820731976777511,0
ADAM17,APP,0.5,0.0015,-0.0828,296,0.8613400690908573,0.9075068415536137,0
TMED10,SYK,0.2,0.0014,0.1249,344,0.6569862286229876,0.766744686773457,0
MAPK14,PSEN1,0.2,0.0013,-0.0511,368,0.6711976719310984,0.7800405376496549,0
TMED2,NCSTN,0.4,0.0013,-0.0595,384,0.826571298081782,0.8830451134786739,0
TMED9,PLCG2,0.2,0.0013,-0.1839,344,0.6840671483914763,0.7883386902735942,0
SEC23B,SEC24C,0.6,0.0013,-0.0605,400,0.8896018373877165,0.9231464013917782,0
GGA2,APP,0.5,0.0011,-0.0961,312,0.8980964179877712,0.9291583993617843,0
APOE,SIGMAR1,0.2,0.0011,-0.009,216,0.7894543648596125,0.8635049332645682,0
PSEN1,HSPA5,0.2,0.0011,0.0031,400,0.7149302708477367,0.8127908388788141,0
TMED9,COPE,0.4,0.001,-0.2123,400,0.8654556954360311,0.9104488049846933,0
EIF2S1,GGA3,0.2,0.001,-0.1681,400,0.7380874061382569,0.8243573626998713,0
TMED9,BIN1,0.2,0.001,-0.1572,400,0.7415685280784331,0.8269029940323532,0
TMED9,SIGMAR1,0.3,0.001,-0.3116,216,0.8732236386842268,0.9169268559048966,0
SEC16A,APP,0.3,0.0009,-0.047,312,0.956557679603364,0.9735854607749137,0
SIGMAR1,APP,0.2,0.0008,0.0279,184,0.8502927603921518,0.9000021833073852,0
TMED9,ABCA7,0.2,0.0008,-0.0808,280,0.8219836923874262,0.8830451134786739,0
ABCA7,OSBP,0.4,0.0007,0.007,280,0.9250935104294389,0.9513667192458205,0
SIGMAR1,BACE1,0.2,0.0006,0.0027,216,0.8880746644465293,0.922953729817541,0
APOE,SEC24D,0.5,0.0006,0.0129,392,0.9387142837295707,0.9624969108881439,0
ITPR1,APP,0.2,0.0006,0.0359,312,0.9577390915819671,0.9735854607749137,0
APOE,BACE1,0.3,0.0006,-0.0106,400,0.9707788171726173,0.9821997444334715,0
TMED2,PICALM,0.2,0.0005,-0.0369,400,0.874279095165134,0.9169268559048966,0
TMED2,BIN1,0.2,0.0005,-0.0668,400,0.9573077347277806,0.9735854607749137,0
COPA,BACE1,0.2,0.0005,0.476,400,0.8602013112060771,0.9075068415536137,0
AP4E1,APP,0.4,0.0004,-0.0232,272,0.9588329353890443,0.9735854607749137,0
ITPR2,APP,0.2,0.0004,0.0561,312,0.9156731039617394,0.9430884663558035,0
TMED9,RAB1B,0.3,0.0004,-0.2075,400,0.9356309908229822,0.960767345800316,0
APOE,COPB2,0.2,0.0002,0.0137,400,0.959434509310162,0.9735854607749137,0
SEC23B,APP,0.3,0.0002,0.0723,312,0.9734896923323426,0.983496194309327,0
MAPKAPK2,EIF2S1,0.3,0.0002,0.1779,368,0.9641582354442079,0.9769379469596686,0
SNX6,APP,0.5,0.0002,0.1168,312,0.9859439188218813,0.9917096727331204,0
PREB,SAR1A,0.6,0.0002,-0.0502,400,0.9782824901614052,0.9868890809839396,0
SEC24D,BACE1,0.3,0.0001,0.2018,392,0.9803509905503908,0.9875277913596908,0
EIF2S1,MAP2K3,0.3,0.0,0.0,352,0.021742008724077097,0.05419747102233711,0
SEC24B,SAR1A,0.3,0.0,0.0,400,0.016999557037316215,0.04533215209950991,0
SNX4,VPS35,0.4,0.0,0.0,400,0.0013111412529111623,0.0049025281630591284,0
SEC24A,SEC23A,0.4,0.0,0.0,400,0.005648255140594812,0.018244129280418925,0
GGA1,GGA2,0.3,0.0,0.0,400,0.01371990209950677,0.037908805801046816,0
EIF2S1,PSEN1,0.2,0.0,0.0,400,0.12101221286784018,0.21681354805488032,0
EIF2S1,MAPK14,0.3,0.0,0.0,368,0.1330494046623973,0.23531617071395722,0
EIF2S1,HSPA5,0.6,0.0,0.0,400,8.499643454166228e-10,1.2995010436591921e-08,0
COPZ1,COPA,0.5,0.0,0.0,400,0.04646450226766083,0.10207996757197543,0
COPG2,COPA,0.5,0.0,0.0,400,2.3692308390220853e-07,2.232918927735883e-06,0
GGA1,GGA3,0.3,0.0,0.0,400,4.987590424497662e-11,1.1069232942110941e-09,0
GGA1,BACE1,0.7,0.0,0.0,400,0.16577829164941946,0.28442759265536305,0
GGA3,GGA2,0.3,0.0,0.0,400,0.0001697099611597605,0.0008108364810966335,0
SEC24D,OSBP,0.4,0.0,0.0,392,0.02821747548639813,0.06787980117007662,0
SEC24D,SEC16A,0.4,0.0,0.0,392,0.2575649841000851,0.403804959070754,0
GORASP1,RAB1A,0.3,0.0,0.0,264,0.825516790853542,0.8830451134786739,0
GORASP1,SEC24D,0.3,0.0,0.0,264,0.027747969953508155,0.06722043425356905,0
GGA3,BACE1,0.7,0.0,0.0,400,0.9984519682185997,0.9998717429519872,0
SEC24C,TMED2,0.4,0.0,0.0,400,0.04313013854331624,0.09665646683322988,0
COPE,COPA,0.5,0.0,0.0,400,0.003341628806954127,0.011495203095922198,0
SEC16A,SAR1A,0.6,0.0,0.0,400,0.4055630048883729,0.5625551358129043,0
SEC23A,SAR1A,0.4,0.0,0.0,400,0.3739874459024274,0.5393637196478458,0
COPB2,TMED2,0.3,0.0,0.0,400,1.0171238757099291e-10,2.0581800779071507e-09,0
SEC31A,TMED2,0.2,0.0,0.0,400,0.06278132384725617,0.13099487863473477,0
SEC31A,SAR1A,0.3,0.0,0.0,400,1.4891108867295047e-10,2.8458563613052756e-09,0
GGA2,BACE1,0.7,0.0,0.0,400,0.01734822218139545,0.045730179543295287,0
SEC24D,MIA3,0.3,0.0,0.0,392,0.3346773914436652,0.4962457873130208,0
TMED10,ADAM10,0.2,0.0,0.0,400,0.019553155014701194,0.05057357387261061,0
TMED10,ARF6,0.5,0.0,0.0,400,0.7660375983027319,0.8459612642572706,0
SIGMAR1,ITPR1,0.3,0.0,0.0,216,0.08189159904736841,0.15870822575940693,0
SIGMAR1,HSPA5,0.4,0.0,0.0,216,0.3879078102145209,0.5525477710716157,0
TMED10,EIF2S1,0.5,0.0,0.0,400,1.4358471932192538e-08,1.7961143071542666e-07,0
SYK,PLCG2,0.5,0.0,0.0,288,1.655113988089995e-16,6.326213465588425e-15,0
SORL1,PSEN1,0.2,0.0,0.0,400,0.786027965695706,0.8614222850734278,0
SORL1,PICALM,0.3,0.0,0.0,400,2.205007167255393e-07,2.1366830015094512e-06,0
SEC23A,SEC24B,0.6,0.0,0.0,400,1.850311292080878e-06,1.383711053208309e-05,0
SEC23A,SEC24C,0.6,0.0,0.0,400,1.700400256816247e-21,1.9497922944826296e-19,0
SEC23A,SEC24D,0.6,0.0,0.0,392,0.8232265052908062,0.8830451134786739,0
SNX6,SNX4,0.3,0.0,0.0,400,0.008660788212720753,0.025248399535389317,0
IDE,APP,0.4,0.0,0.0,312,0.3234815497387323,0.48276639093329243,0
HSPA9,TMED2,0.3,0.0,0.0,400,0.0012562049278964451,0.0047749667977500234,0
HSPA9,MFN2,0.4,0.0,0.0,400,2.627696488821736e-14,9.039275921546772e-13,0
HSPA5,MFN2,0.2,0.0,0.0,400,0.007321796270303569,0.022093841377056382,0
IDE,LRP1,0.3,0.0,0.0,400,0.7630112605726463,0.8453329263671187,0
SEC24A,TMED2,0.2,0.0,0.0,400,0.019782505281639877,0.050652673030315155,0
VPS26A,VPS29,0.5,0.0,0.0,400,4.403720065138803e-08,4.966818696418846e-07,0
OSBP,TMED2,0.4,0.0,0.0,400,0.9442355918860632,0.9652809616903589,0
PREB,SEC16A,0.4,0.0,0.0,400,0.5174608289253114,0.6556409766125493,0
MIA3,SEC16A,0.3,0.0,0.0,400,0.07471316483010822,0.14942632966021643,0
AP4B1,AP4E1,0.4,0.0,0.0,200,0.6967636694589032,0.7963013365244608,0
AP2A1,PICALM,0.3,0.0,0.0,400,0.2576604317326468,0.403804959070754,0
APOE,CLU,0.4,0.0,0.0,400,6.389134771356171e-09,8.293820231496313e-08,0
PICALM,LRP1,0.3,0.0,0.0,400,0.0002293221762148989,0.0010660382245665572,0
PICALM,VPS35,0.3,0.0,0.0,400,0.24763013445237886,0.39437391783156633,0
APOE,LRP1,0.6,0.0,0.0,400,0.4994908687794699,0.6399436084176449,0
COPA,GORASP1,0.3,0.0,0.0,264,0.08679652103259013,0.16680448734754752,0
COPA,COPG1,0.6,0.0,0.0,400,4.417424921741384e-18,1.899492716348795e-16,0
COPA,COPB2,0.6,0.0,0.0,400,3.990486486718977e-13,1.0981818811450626e-11,0
COPA,COPB1,0.6,0.0,0.0,400,2.718918162195211e-13,8.50279861631957e-12,0
CLU,BACE1,0.2,0.0,0.0,400,1.1571482337209693e-05,6.983491094737078e-05,0
TMED10,OSBP,0.6,0.0,0.0,400,0.0004377698581531707,0.0018942494491156064,0
TMED10,MFN2,0.3,0.0,0.0,400,4.384960359864475e-11,1.040294043995434e-09,0
TMED10,NCSTN,0.5,0.0,0.0,384,0.03786589643751121,0.08683912249669237,0
SORL1,GGA3,0.3,0.0,0.0,400,0.8819880662728805,0.9180148102810013,0
SORL1,GGA1,0.3,0.0,0.0,400,0.5124114639179692,0.6528501614362274,0
COPA,RAB1B,0.3,0.0,0.0,400,3.2004723321837565e-09,4.4937244174335195e-08,0
COPA,RAB1A,0.3,0.0,0.0,400,2.1826637962530416e-05,0.00012726039761204173,0
SORL1,EIF2S1,0.2,0.0,0.0,400,1.1254993931375582e-07,1.1387405624685881e-06,0
SORL1,APP,0.8,0.0,0.0,312,8.76936379549783e-07,7.448546038645071e-06,0
GGA1,VPS35,0.3,0.0,0.0,400,8.634026977752197e-05,0.0004432992955741426,0
SNX6,VPS35,0.4,0.0,0.0,400,0.0005127369003890805,0.0021509938260224843,0
SIGMAR1,TMED10,0.4,0.0,0.0,216,0.5598891855674096,0.6953136456144005,0
TMED10,COPA,0.6,0.0,0.0,400,0.0005267235983278052,0.0021830472027080114,0
SORT1,GGA2,0.3,0.0,0.0,400,0.49346646419233475,0.6357770175361915,0
SORT1,GGA1,0.3,0.0,0.0,400,0.9125280046499246,0.9412582716628907,0
LRP1,APP,0.7,0.0,0.0,312,0.14180088781095315,0.24698483750363487,0
ITPR2,TMED10,0.3,0.0,0.0,400,0.6376619178544103,0.755798756471772,0
LRP1,CLU,0.5,0.0,0.0,400,0.03343845170936201,0.07825052644911926,0
LRP1,SORL1,0.5,0.0,0.0,400,9.703934634735798e-06,6.181765767313176e-05,0
RTN3,BACE1,0.6,0.0,0.0,288,0.7189286454646555,0.8135245198678996,0
RAB1B,TMED2,0.4,0.0,0.0,400,5.825558743464917e-08,6.275170720226746e-07,0
MAP2K3,MAPK14,0.8,0.0,0.0,328,0.0003092762184383252,0.0013817015473088815,0
SEC23B,SAR1A,0.4,0.0,0.0,400,0.9998717429519872,0.9998717429519872,0
BIN1,PICALM,0.3,0.0,0.0,400,3.109469189963367e-20,1.782762335578997e-18,0
CLU,APP,0.4,0.0,0.0,312,0.005136174162360365,0.016827084874780626,0
BACE1,IDE,0.3,0.0,0.0,400,0.002150334397586513,0.0077386009630518665,0
BACE1,LRP1,0.2,0.0,0.0,400,0.0002648865677381415,0.0011989602539726404,0
TMED2,GORASP1,0.4,0.0,0.0,264,5.9285769885863156e-08,6.275170720226746e-07,0
TMED10,MAPK14,0.3,0.0,0.0,368,0.3626696163953484,0.5311576698087531,0
TMED10,MAP2K3,0.4,0.0,0.0,352,0.6754518008936126,0.7823414798229048,0
TMED10,HSPA9,0.4,0.0,0.0,400,0.0006945259756613014,0.002810787477970443,0
TMED2,ARF6,0.5,0.0,0.0,400,0.00043061270199624686,0.0018870161718052092,0
TMED2,COPA,0.7,0.0,0.0,400,0.09718837120048048,0.18023072610762955,0
TMED2,ABCA7,0.3,0.0,0.0,280,0.4784365656739972,0.6271783460982912,0
TMED2,HSPA5,0.4,0.0,0.0,400,0.004944273306442695,0.016354134782848914,0
TMED10,SEC24C,0.5,0.0,0.0,400,1.9741339538211217e-08,2.3828143161911082e-07,0
TMED10,SEC24D,0.7,0.0,0.0,392,0.4191097884077794,0.574397478933371,0
TMED10,SEC31A,0.3,0.0,0.0,400,1.3881280001578465e-06,1.0730697349534814e-05,0
TMED10,SORL1,0.3,0.0,0.0,400,1.3794174795710055e-06,1.0730697349534814e-05,0
TMED10,TMED9,0.6,0.0,0.0,400,1.6934755663313862e-31,2.9127779740899844e-29,0
PSEN1,ADAM10,0.2,0.0,0.0,400,0.8389174238694116,0.8920791153356339,0
TMED2,COPB1,0.7,0.0,0.0,400,0.0009312638174850604,0.003661197179598409,0
TMED10,VPS35,0.2,0.0,0.0,400,9.474376844389431e-07,7.853459360168589e-06,0
PSEN1,BACE1,0.3,0.0,0.0,400,0.19539547039122307,0.32048245877187537,0
PSEN1,APP,0.7,0.0,0.0,312,0.39230747139748784,0.5537269519096167,0
SEC13,SAR1A,0.3,0.0,0.0,400,0.0004893843128386634,0.0020783728841543237,0
PSEN1,NCSTN,0.8,0.0,0.0,384,0.002159609571084242,0.0077386009630518665,0
ITPR1,ITPR2,0.3,0.0,0.0,400,5.9278355788736266e-05,0.00032367864113214725,0
ITPR1,OSBP,0.3,0.0,0.0,400,0.3957862854506833,0.5557162538572858,0
LRP1,VPS35,0.3,0.0,0.0,400,0.6146938984541839,0.736672029376451,0
ITPR1,EIF2S1,0.5,0.0,0.0,400,0.032407642773578195,0.07674937869816834,0
ITPR1,VDAC1,0.3,0.0,0.0,400,0.11368560347577147,0.20583077681929152,0
ITPR1,TMED10,0.3,0.0,0.0,400,0.06354428760106742,0.13168213816124816,0
TMED10,HSPA5,0.4,0.0,0.0,400,1.6195832722208069e-09,2.370794236782798e-08,0
TMED10,GORASP1,0.4,0.0,0.0,264,3.2286012934216125e-07,2.9617035864987593e-06,0
SEC23B,SEC24D,0.6,0.0,0.0,392,0.4286322345436962,0.5839583710219068,0
SEC23B,TMED2,0.3,0.0,0.0,400,0.8008007785662711,0.8679751181526757,0
BACE1,SORL1,0.2,0.0,0.0,400,7.512661662214627e-05,0.0003945581086720354,0
BIN1,AP2A1,0.3,0.0,0.0,400,0.7746481188830574,0.8527326492664695,0
SAR1A,SEC23B,0.7,0.0,0.0118,400,0.9998717429519872,0.9998717429519872,0
RTN3,RTN4,0.3,0.0,0.0,288,6.927504157408176e-10,1.1084006651853081e-08,0
SAR1B,TMED2,0.4,0.0,0.0,400,0.016348738509635606,0.044109537625997244,0
SAR1B,SEC24D,0.7,0.0,0.0,392,0.3182944530750531,0.47813664566732866,0
SAR1B,SEC16A,0.4,0.0,0.0,400,0.018841822174132623,0.049171708594821235,0
SAR1A,TMED2,0.4,0.0,0.0,400,0.006197492132624582,0.019469746973724715,0
SAR1A,TMED10,0.4,0.0,0.0,400,3.3814475369482695e-05,0.00019069146765741062,0
SAR1A,SEC24D,0.7,0.0,0.0,392,0.03246230988541713,0.07674937869816834,0
SAR1A,SEC24C,0.6,0.0,0.0,400,0.00026163811802899334,0.0011989602539726404,0
SEC13,TMED10,0.2,0.0,0.0,400,7.087307222473319e-05,0.0003809427632079409,0
SEC13,SEC31A,0.7,0.0,0.0,400,1.9559925302581705e-20,1.3457228608176213e-18,0
SEC13,SEC24D,0.3,0.0,0.0,392,0.1816290577188394,0.30412662420210596,0
TMED10,RTN3,0.2,0.0,0.0,288,0.38159829654874916,0.5458204324855289,0
TMED10,SAR1B,0.4,0.0,0.0,400,0.003817387527320669,0.012937746890623747,0
SAR1A,SEC24A,0.6,0.0,0.0,400,0.4022090255669035,0.562438637378109,0
TMED10,PREB,0.3,0.0,0.0,400,0.4840577060729544,0.6271783460982912,0
BACE1,ADAM10,0.3,0.0,0.0,400,4.674093970674691e-06,3.31523366167442e-05,0
ARF6,COPA,0.5,0.0,0.0,400,0.5508745399498469,0.6878433457087019,0
APOE,SREBF2,0.6,0.0,0.0,256,0.1626175767215613,0.2804032400612385,0
BACE1,ECE1,0.2,0.0,0.0,384,2.4405381193636265e-05,0.00013992418551018123,0
APP,BACE1,0.4,0.0,0.0,312,0.41871671556115153,0.574397478933371,0
TMED2,SEC24B,0.3,0.0,0.0,400,0.0001267029302554626,0.0006182384114592786,0
TMED10,PSEN1,0.7,0.0,0.0,400,2.9215880786150186e-06,2.1158448400917186e-05,0
TMED10,RAB1B,0.4,0.0,0.0,400,0.6437471966460151,0.755798756471772,0
TMED10,SEC23B,0.4,0.0,0.0,400,0.01995665310380725,0.050652673030315155,0
BACE1,EIF2S1,0.2,0.0,0.0,400,6.5846073739170665e-06,4.4413822286813154e-05,0
BACE1,GGA3,0.2,0.0,-0.0639,400,0.9984519682185997,0.9998717429519872,0
TMED2,SEC13,0.3,0.0,0.0,400,0.2538405410481676,0.40240159502566664,0
TMED2,SEC16A,0.4,0.0,0.0,400,0.07064284063890619,0.1442203986930785,0
TMED2,SEC23A,0.4,0.0,0.0,400,9.38291786772416e-05,0.00046594393535641365,0
TMED10,SEC16A,0.4,0.0,0.0,400,0.0007993911156068765,0.003179081430852781,0
TMED10,SEC23A,0.4,0.0,0.0,400,8.201561078885808e-07,7.196056780911977e-06,0
MFN2,SIGMAR1,0.4,0.0,0.0,216,0.29772235376332734,0.4531703083831178,0
MFN2,OSBP,0.3,0.0,0.0,400,0.7601052664158696,0.8448342864202234,0
MFN2,ITPR2,0.5,0.0,0.0,400,0.0011798830533782036,0.004534969501252537,0
MFN2,ITPR1,0.5,0.0,0.0,400,7.322501145613749e-06,4.844116142482942e-05,0
MFN2,EIF2S1,0.4,0.0,0.0,400,0.0057538937435795846,0.01841245997945467,0
MAPKAPK2,MAPK14,0.3,0.0,0.0,352,0.0025526938260862085,0.00900642744793493,0
TMED2,TMED9,0.7,0.0,0.0,400,3.3616458597617075e-09,4.534926179443245e-08,0
TMED2,TMED10,0.9,0.0,0.0,400,2.5634632210993856e-21,2.2045783701454716e-19,0
APOE,VLDLR,0.3,0.0,0.0,368,0.5959819694284726,0.7218936531105442,0
TMED2,SEC24D,0.7,0.0,0.0,392,0.03826869213931548,0.08718165626440083,0
RAB1A,TMED10,0.4,0.0,0.0,400,0.024194497398065066,0.05966241652282711,0
RAB1A,ARF6,0.3,0.0,0.0,400,0.04344293822329353,0.09672731876254352,0
TMED2,MFN2,0.3,0.0,0.0,400,2.0244341823408402e-11,5.158558212779622e-10,0
RAB1A,TMED2,0.4,0.0,0.0,400,0.2867397186257567,0.44258643393946356,0
MAP2K3,PSEN1,0.2,0.0,0.0,352,0.4661915992846027,0.6164027082612968,0
RAB1B,ARF6,0.3,0.0,0.0,400,4.2531443316995715e-10,7.1369836590470855e-09,0
VPS35,SORL1,0.5,0.0,0.0,400,0.3747323517320789,0.5393637196478458,0
TMED2,PREB,0.3,0.0,0.0,400,0.31815399595581845,0.47813664566732866,0
TMED2,MIA3,0.3,0.0,0.0,400,0.1922719592570594,0.31798824030975203,0
MAPK14,BACE1,0.4,0.0,0.0,368,0.483378744207496,0.6271783460982912,0
TMED9,SEC24D,0.5,0.0,0.0,392,0.003927731430426575,0.013181849873821871,0
VPS35,VPS26A,0.5,0.0,0.0,400,0.6167486757570287,0.736672029376451,0
TMED9,NCSTN,0.6,0.0,0.0,384,0.015732840593259224,0.042783376791155514,0
ABCA7,APOE,0.5,0.0,0.0,280,0.8094224938978473,0.8742271205678477,0
TMED9,PSEN1,0.8,0.0,0.0,400,0.051235355865912914,0.11050133177350496,0
AP2A1,AP2B1,0.5,0.0,0.0,400,4.4499997902205073e-94,1.5307999278358545e-91,0
ADAM10,APP,0.8,0.0,0.0,312,0.18212233891172624,0.30412662420210596,0
VPS35,VPS29,0.5,0.0,0.0,400,1.9067864382322642e-19,9.370493353598556e-18,0
VDAC1,HSPA9,0.3,0.0,0.0,400,0.011085153805343246,0.03151481743006675,0
VDAC1,ITPR2,0.4,0.0,0.0,400,0.007134877172010911,0.02172033404576773,0
VDAC1,MFN2,0.4,0.0,0.0,400,1.0408431537301811e-05,6.51000081605786e-05,0
VDAC1,TMED10,0.4,0.0,0.0,400,0.7118708758379683,0.8108727857227188,0
